Product Name,Product Price,Product MRP,Product Star,Product Ratings,Product Reviews,Product Processor,Product RAM,Product Storage
HP Victus gaming AMD Ryzen 5 Hexa Core 5600H,47990,63628,4.2,1181  , 99 ,AMD Ryzen 5 Hexa Core Processor,8 GB DDR4 RAM,512 GB SSD
ASUS Vivobook Pro 15 For Creator AMD Ryzen 5 Hexa Core 5600HS,49990,76990,4.4,1330  , 138 ,AMD Ryzen 5 Hexa Core Processor,8 GB DDR4 RAM,512 GB SSD
Lenovo Ideapad Intel Core i5 11th Gen 11320H,49990,90890,0,0,0,Intel Core i5 Processor (11th Gen),16 GB DDR4 RAM,512 GB SSD
Lenovo IdeaPad Gaming 3 Intel Core i5 11th Gen 11320H,47399,71290,4.1,560  , 50 ,Intel Core i5 Processor (11th Gen),8 GB DDR4 RAM,512 GB SSD
Lenovo IdeaPad Gaming 3 AMD Ryzen 5 Quad Core 5500H,49990,77990,4.2,179  , 20 ,AMD Ryzen 5 Quad Core Processor,8 GB DDR4 RAM,512 GB SSD
Lenovo AMD Ryzen 5 Quad Core R5,46999,67990,4.2,179  , 20 ,AMD Ryzen 5 Quad Core Processor,8 GB DDR4 RAM,512 GB SSD
HP Victus AMD Ryzen 5 Hexa Core 5600H,49890,77354,4.2,1181  , 99 ,AMD Ryzen 5 Hexa Core Processor,8 GB DDR4 RAM,512 GB SSD
HP AMD Ryzen 5 Hexa Core,48990,63629,3.4,7  , 1 ,AMD Ryzen 5 Hexa Core Processor,8 GB DDR4 RAM,512 GB SSD
Acer Nitro 5 AMD Ryzen 5 Hexa Core AMD R5,47990,79999,4.4,424  , 43 ,AMD Ryzen 5 Hexa Core Processor,8 GB DDR4 RAM,512 GB SSD
Acer Aspire 7 (2024) Intel Core i5 12th Gen 1240P,49490,89999,4.3,3182  , 350 ,Intel Core i5 Processor (12th Gen),8 GB DDR4 RAM,512 GB SSD
Acer Aspire 7 (2024) AMD Ryzen 5 Hexa Core AMD R5,43990,88990,4.4,6520  , 765 ,Free upgrade to Windows 11 when available,AMD Ryzen 5 Hexa Core Processor,64 bit Windows 11 Operating System
Lenovo IdeaPad Gaming 3 Intel Intel Core i5 11th Gen 11300H,49990,92500,4,125  , 15 ,Intel Core i5 Processor (11th Gen),8 GB DDR4 RAM,512 GB SSD
HP Victus AMD Ryzen 5 Hexa Core 5600H,49999,63999,4.4,145  , 14 ,AMD Ryzen 5 Hexa Core Processor,8 GB DDR4 RAM,512 GB SSD
Acer Aspire 5 gaming Intel Core i5 12th Gen 1240P,49999,79990,4.1,60  , 5 ,Intel Core i5 Processor (12th Gen),8 GB DDR4 RAM,512 GB SSD
MSI Modern 15 AMD Ryzen 5 Hexa Core 7530U,46990,62990,4.3,1566  , 204 ,AMD Ryzen 5 Hexa Core Processor,8 GB DDR4 RAM,512 GB SSD
HP AMD Ryzen 5,49999,55900,0,0,0,AMD Ryzen 5 Processor,8 GB DDR4 RAM,512 GB SSD
Lenovo IdeaPad Gaming 3 Intel Core i5 11th Gen 11300H,49990,85000,4.3,5206  , 474 ,Intel Core i5 Processor (11th Gen),8 GB DDR4 RAM,512 GB SSD
Acer Aspire 7 AMD Ryzen 5 Hexa Core 5500U,48916,87593,4.4,6520  , 765 ,AMD Ryzen 5 Hexa Core Processor,16 GB DDR4 RAM,512 GB SSD
Lenovo IdeaPad Gaming 3 (2024) AMD Ryzen 5 Hexa Core 5th Gen 5600H,48990,79990,3.7,6  , 0 ,AMD Ryzen 5 Hexa Core Processor (5th Gen),8 GB DDR4 RAM,1 TB HDD|256 GB SSD
ASUS Vivobook Pro 15 For Creator AMD Ryzen 5 Hexa Core 5600HS,49899,76990,4.4,1330  , 138 ,AMD Ryzen 5 Hexa Core Processor,8 GB DDR4 RAM,512 GB SSD
Acer Aspire 3 Intel Core i5 11th Gen 1135G7,40206,57999,3.5,11  , 0 ,Intel Core i5 Processor (11th Gen),8 GB DDR4 RAM,1 TB HDD
Lenovo V15 G2 AMD Ryzen 3 Quad Core 5300U,28990,39900,3.7,15  , 3 ,AMD Ryzen 3 Quad Core Processor,8 GB DDR4 RAM,512 GB SSD
ASUS TUF Gaming F15 with 90WHr Battery Intel Core i5 11th Gen 11400H,60990,89990,4.4,2614  , 257 ,Intel Core i5 Processor (11th Gen),16 GB DDR4 RAM,512 GB SSD
Acer Aspire 7 Intel Core i5 12th Gen 12450H,53990,78999,4.2,1676  , 154 ,Intel Core i5 Processor (12th Gen),16 GB DDR4 RAM,512 GB SSD
HP Victus AMD Ryzen 5 Hexa Core 5600H,61990,80587,4.3,415  , 30 ,AMD Ryzen 5 Hexa Core Processor,16 GB DDR4 RAM,512 GB SSD
Lenovo LOQ Intel Core i5 12th Gen 12450H,82990,131190,4.4,133  , 12 ,Intel Core i5 Processor (12th Gen),16 GB DDR5 RAM,512 GB SSD
ASUS Chromebook Intel Celeron Dual Core N4500,15990,32990,3.8,1305  , 125 ,Intel Celeron Dual Core Processor,4 GB LPDDR4X RAM,35.56 cm (14 Inch) Display
HP Chromebook (2024) MediaTek MT8183,13990,34554,3.8,4127  , 431 ,MediaTek MT8183 Processor,4 GB LPDDR4X RAM,29.46 cm (11.6 Inch) Display
ASUS Vivobook Pro 15 For Creator AMD Ryzen 7 Octa Core 5800HS,56990,90990,4.3,265  , 19 ,AMD Ryzen 7 Octa Core Processor,16 GB DDR4 RAM,512 GB SSD
Lenovo IdeaPad Gaming 3 AMD Ryzen 7 Octa Core 6800H,62990,97790,4.2,334  , 34 ,AMD Ryzen 7 Octa Core Processor,8 GB DDR5 RAM,512 GB SSD
Acer Intel Celeron Dual Core N4500,17990,40000,3.6,82  , 9 ,Intel Celeron Dual Core Processor,8 GB LPDDR4X RAM,35.56 cm (14 inch) Display
ASUS TUF Gaming F17,57990,82990,4.3,26  , 3 ,Intel Core i5 Processor (11th Gen),16 GB DDR4 RAM,512 GB SSD
Acer Aspire 7 (2023) Intel Core i5 12th Gen 12450H,58990,84999,4.2,1544  , 136 ,Intel Core i5 Processor (12th Gen),16 GB DDR4 RAM,512 GB SSD
HP Victus Intel Core i5 12th Gen,55990,76353,4.4,74  , 4 ,Intel Core i5 Processor (12th Gen),16 GB DDR4 RAM,512 GB SSD
Lenovo LOQ (2024) AI Powered AMD Ryzen 7 Octa Core 7840HS,83990,133790,4.5,59  , 7 ,AMD Ryzen 7 Octa Core Processor,16 GB DDR5 RAM,512 GB SSD
ASUS Vivobook Pro 15 For Creator AMD Ryzen 7 Octa Core 5800HS,65990,102990,4.3,207  , 16 ,AMD Ryzen 7 Octa Core Processor,16 GB DDR4 RAM,1 TB SSD
Acer Predator Intel Core i9 13th Gen 13900HX,129990,171999,4.3,33  , 4 ,Intel Core i9 Processor (13th Gen),16 GB DDR5 RAM,1 TB SSD
Acer Nitro 5 Intel Core i5 12th Gen 12450H,68900,90999,4.4,648  , 67 ,Intel Core i5 Processor (12th Gen),16 GB DDR4 RAM,512 GB SSD
Lenovo IdeaPad Gaming 3 AMD Ryzen 5 Hexa Core 6600H,63990,91290,4.4,207  , 21 ,AMD Ryzen 5 Hexa Core Processor,16 GB DDR5 RAM,512 GB SSD
ASUS TUF Gaming F15,53990,75990,4.3,4323  , 405 ,Intel Core i5 Processor (11th Gen),8 GB DDR4 RAM,512 GB SSD
HP Victus Intel Core i5 12th Gen 12450H,67990,86343,4.3,120  , 6 ,Intel Core i5 Processor (12th Gen),16 GB DDR4 RAM,512 GB SSD
MSI Katana 15 Intel Core i7 12th Gen 12650H,74990,103990,4.9,16  , 1 ,Intel Core i7 Processor (12th Gen),8 GB DDR5 RAM,512 GB SSD
CHUWI Intel Core i5 10th Gen 1035G1,27990,49990,3.4,9  , 1 ,Intel Core i5 Processor (10th Gen),16 GB DDR4 RAM,512 GB SSD
Acer Predator Neo (2023) Intel Core i7 13th Gen 13700HX,119990,159999,4.5,51  , 4 ,Intel Core i7 Processor (13th Gen),16 GB DDR5 RAM,1 TB SSD
HP Victus Intel Core i7 12th Gen 12650H,83990,99527,4.4,123  , 11 ,Intel Core i7 Processor (12th Gen),16 GB DDR4 RAM,512 GB SSD
ALIENWARE Intel Core i7 10th Gen 10750H,120890,223322,4.9,14  , 0 ,NVIDIA GeForce GTX 1660 Ti,"15.6 inch Full HD LED Backlit Anti-glare IPS Display, 300 Hz, 300 Nits","Tobii-eye tracking to track head pose, presence, fine gaze and eye position"
Lenovo IdeaPad Gaming 3 (2024) Intel Core i5 12th Gen 12450H,67990,94690,4.4,475  , 59 ,Intel Core i5 Processor (12th Gen),16 GB DDR4 RAM,512 GB SSD
Lenovo IdeaPad Gaming 3 AMD Ryzen 7 Octa Core 6800H,65990,99190,4.2,334  , 34 ,AMD Ryzen 7 Octa Core Processor,16 GB DDR5 RAM,512 GB SSD
ASUS Vivobook Pro 15 OLED (2024) For Creator AMD Ryzen 5 Hexa Core 5600HS,57990,86990,4.4,807  , 110 ,AMD Ryzen 5 Hexa Core Processor,16 GB DDR4 RAM,512 GB SSD
ASUS TUF Gaming F17 Intel Core i5 11th Gen 11260H,53990,75990,5,5  , 1 ,Intel Core i5 Processor (11th Gen),8 GB DDR4 RAM,512 GB SSD
MSI GF63 Intel Core i7 12th Gen 12650H,79990,115990,4.4,265  , 17 ,Intel Core i7 Processor (12th Gen),16 GB DDR4 RAM,512 GB SSD
MSI Katana 15 Intel Core i7 12th Gen 12650H,74990,103990,4.9,16  , 1 ,Intel Core i7 Processor (12th Gen),8 GB DDR5 RAM,512 GB SSD
ALIENWARE Intel Core i7 10th Gen 10750H,120890,223322,4.9,14  , 0 ,NVIDIA GeForce GTX 1660 Ti,"15.6 inch Full HD LED Backlit Anti-glare IPS Display, 300 Hz, 300 Nits","Tobii-eye tracking to track head pose, presence, fine gaze and eye position"
Lenovo Legion Slim 5 AI Powered AMD Ryzen 7 Octa Core 7840HS,115990,181890,3.5,8  , 1 ,AMD Ryzen 7 Octa Core Processor,16 GB DDR5 RAM,1 TB SSD
Lenovo LOQ (2024) AI Powered AMD Ryzen 7 Octa Core 7840HS,83990,133790,4.5,59  , 7 ,AMD Ryzen 7 Octa Core Processor,16 GB DDR5 RAM,512 GB SSD
Lenovo LOQ (2024) Intel Core i5 12th Gen 12450HX,58990,80090,3.8,4  , 2 ,Intel Core i5 Processor (12th Gen),12 GB DDR5 RAM,512 GB SSD
HP Victus Intel Core i7 12th Gen 12650H,83990,99527,4.4,123  , 11 ,Intel Core i7 Processor (12th Gen),16 GB DDR4 RAM,512 GB SSD
MSI Thin 15 Intel Core i5 12th Gen 12450H,59990,75990,0,0,0,Intel Core i5 Processor (12th Gen),16 GB DDR4 RAM,512 GB SSD
MSI GF63 Intel Core i5 12th Gen 12450H,66990,114990,4.5,153  , 23 ,Intel Core i5 Processor (12th Gen),16 GB DDR4 RAM,1 TB HDD|256 GB SSD
HP Victus Intel Core i5 13th Gen 13420H,62990,87262,4.1,20  , 1 ,Intel Core i5 Processor (13th Gen),16 GB DDR4 RAM,512 GB SSD
Lenovo IdeaPad Gaming 3 AMD Ryzen 5 Hexa Core 7535HS,55990,87590,4.1,142  , 13 ,AMD Ryzen 5 Hexa Core Processor,16 GB DDR5 RAM,512 GB SSD
HP VICTUS Intel Core i5 12th Gen 12450H,66999,99500,4.4,213  , 24 ,Intel Core i5 Processor (12th Gen),16 GB DDR4 RAM,512 GB SSD
HP Victus AMD Ryzen 5 Hexa Core 5600H,54699,68900,4,49  , 3 ,AMD Ryzen 5 Hexa Core Processor,16 GB DDR4 RAM,512 GB SSD
Lenovo LOQ Intel Core i5 12th Gen 12450H,76990,124490,4.2,54  , 7 ,Intel Core i5 Processor (12th Gen),16 GB DDR5 RAM,512 GB SSD
HP Victus Intel Core i5 13th Gen 13420H,73990,92110,4.5,19  , 1 ,Intel Core i5 Processor (13th Gen),16 GB DDR4 RAM,512 GB SSD
MSI Katana 17 Intel Core i7 12th Gen 12650H,100990,132990,4.5,39  , 3 ,Intel Core i7 Processor (12th Gen),16 GB DDR5 RAM,1 TB SSD
MSI GF63 Intel Core i7 12th Gen 12650H,84990,111990,4.3,89  , 6 ,Intel Core i7 Processor (12th Gen),16 GB DDR4 RAM,512 GB SSD
Acer Predator Neo (2023) Intel Core i5 13th Gen 13500HX,89990,129999,4.5,399  , 45 ,Intel Core i5 Processor (13th Gen),16 GB DDR5 RAM,512 GB SSD
Acer Nitro V Intel Core i5 13th Gen 13420H,63990,79999,4.2,247  , 26 ,Intel Core i5 Processor (13th Gen),16 GB DDR5 RAM,512 GB SSD
HP Victus Intel Core i5 12th Gen 12450H,59990,78778,4.4,445  , 39 ,Intel Core i5 Processor (12th Gen),16 GB DDR4 RAM,512 GB SSD
HP Omen Intel Core i7 13th Gen 13700HX,97990,127811,0,0,0,Intel Core i7 Processor (13th Gen),16 GB DDR5 RAM,512 GB SSD
MSI Katana 15 Intel Core i7 13th Gen 13620H,99990,154990,4.1,7  , 1 ,Intel Core i7 Processor (13th Gen),16 GB DDR5 RAM,1 TB SSD
MSI GF63 Intel Core i5 11th Gen 11400H,55990,80990,4.2,101  , 8 ,Intel Core i5 Processor (11th Gen),8 GB DDR4 RAM,1 TB HDD|256 GB SSD
Acer Predator Neo (2023) Intel Core i7 13th Gen 13700HX,104990,144999,4.5,690  , 75 ,Intel Core i7 Processor (13th Gen),16 GB DDR5 RAM,1 TB SSD
Infinix GT Book Intel Core i9 13th Gen 13900H,99990,149990,4.6,33  , 5 ,Intel Core i9 Processor (13th Gen),32 GB LPDDR5X RAM,1 TB SSD
ASUS Vivobook Pro 15 For Creator AMD Ryzen 5 Hexa Core 5600HS,61990,85990,4.5,360  , 27 ,AMD Ryzen 5 Hexa Core Processor,16 GB DDR4 RAM,1 TB SSD
ASUS Chromebook Intel Celeron Dual Core N4500,15990,32990,3.8,1305  , 125 ,Intel Celeron Dual Core Processor,4 GB LPDDR4X RAM,35.56 cm (14 Inch) Display
HP Chromebook (2024) MediaTek MT8183,13990,34554,3.8,4127  , 431 ,MediaTek MT8183 Processor,4 GB LPDDR4X RAM,29.46 cm (11.6 Inch) Display
HP Victus Intel Core i5 12th Gen 12450H,52990,72718,4.4,74  , 4 ,Intel Core i5 Processor (12th Gen),8 GB DDR4 RAM,512 GB SSD
HP Victus Intel Core i5 12th Gen 12450H,59990,78778,4.4,445  , 39 ,Intel Core i5 Processor (12th Gen),16 GB DDR4 RAM,512 GB SSD
Acer Intel Celeron Dual Core N4500,17990,40000,3.6,82  , 9 ,Intel Celeron Dual Core Processor,8 GB LPDDR4X RAM,35.56 cm (14 inch) Display
ASUS ROG Flow X13 (2022) AMD Ryzen 9 Octa Core 6900HS,89990,158990,4.2,124  , 13 ,AMD Ryzen 9 Octa Core Processor,16 GB LPDDR5 RAM,1 TB SSD
HP Victus AMD Ryzen 5 Hexa Core 5600H,54699,68900,4,49  , 3 ,AMD Ryzen 5 Hexa Core Processor,16 GB DDR4 RAM,512 GB SSD
Acer Nitro V Intel Core i5 13th Gen 13420H,70990,87999,4.1,19  , 1 ,Intel Core i5 Processor (13th Gen),16 GB DDR5 RAM,512 GB SSD
Acer Nitro V Intel Core i5 13th Gen 13420H,75990,92999,4.2,93  , 9 ,Intel Core i5 Processor (13th Gen),16 GB DDR5 RAM,512 GB SSD
MSI GF63 Intel Core i7 12th Gen 12650H,85990,111990,4.4,265  , 17 ,Intel Core i7 Processor (12th Gen),16 GB DDR4 RAM,1 TB SSD
Acer Aspire 7 Intel Core i5 12th Gen 12450H,50990,83999,4.2,1676  , 154 ,Intel Core i5 Processor (12th Gen),8 GB DDR4 RAM,512 GB SSD
MSI Pulse 17 Intel Core i7 13th Gen 13700H,134990,207990,4.2,10  , 2 ,Intel Core i7 Processor (13th Gen),16 GB DDR5 RAM,1 TB SSD
HP Pavilion AMD Ryzen 5 Hexa Core AMD R5,56990,70600,4.4,13419  , 1329 ,AMD Ryzen 5 Hexa Core Processor,8 GB DDR4 RAM,512 GB SSD
Acer Nitro 5 Intel Core i7 12th Gen 12650H,89990,123999,4.5,400  , 53 ,Intel Core i7 Processor (12th Gen),16 GB DDR5 RAM,512 GB SSD
ASUS Vivobook 16X Intel Core i5 12th Gen 12500H,65990,98990,0,0,0,Intel Core i5 Processor (12th Gen),8 GB DDR4 RAM,512 GB SSD
ASUS Vivobook 14X OLED (2024) For Creator Intel H,70990,110990,4.2,132  , 15 ,Intel Core i5 Processor (13th Gen),16 GB DDR4 RAM,512 GB SSD
MSI Sword 16 HX Intel Core i7 14th Gen 14700HX,124990,139990,0,0,0,Intel Core i7 Processor (14th Gen),16 GB DDR5 RAM,1 TB SSD
MSI Stealth 15 Intel Core i7 13th Gen 13620H,159990,209990,0,0,0,Intel Core i7 Processor (13th Gen),16 GB DDR5 RAM,1 TB SSD
Lenovo Lenovo Legion Pro 5 2024 Intel Core i9 14th Gen 14900HX,197490,256790,0,0,0,Intel Core i9 Processor (14th Gen),32 GB DDR5 RAM,1 TB SSD
ASUS ROG Ally AMD Ryzen Z1 Octa Core Extreme,59815,83990,4.6,481  , 87 ,AMD Ryzen Z1 Octa Core Processor,16 GB LPDDR5 RAM,512 GB SSD
ASUS TUF Gaming F15 (2023) with 90WHr Battery Intel H,104990,133990,4.4,240  , 23 ,Intel Core i7 Processor (12th Gen),16 GB DDR4 RAM,512 GB SSD
MSI GF63 Intel Core i7 11th Gen 11800H,55990,81990,4.3,495  , 45 ,Intel Core i7 Processor (11th Gen),16 GB DDR4 RAM,1 TB HDD|256 GB SSD
DELL G15 AMD Ryzen 7 Octa Core 5800H,88700,113000,4.1,7  , 1 ,NVIDIA GEFORCE RTX 3050,"15.6 inches Full HD, 2-sided narrow bezel, 120Hz, 250 Nits",Game shift key for Turbo boost of power
MSI Pulse 17 Intel Core i7 13th Gen 13700H,134990,207990,4.2,10  , 2 ,Intel Core i7 Processor (13th Gen),16 GB DDR5 RAM,1 TB SSD
Acer Nitro 5 (2024) AMD Ryzen 7 Octa Core AMD R7,79400,119000,4.4,515  , 69 ,AMD Ryzen 7 Octa Core Processor,16 GB DDR4 RAM,1 TB HDD|256 GB SSD
ASUS ROG Flow X13 (2022) AMD Ryzen 9 Octa Core 6900HS,89990,158990,4.2,124  , 13 ,AMD Ryzen 9 Octa Core Processor,16 GB LPDDR5 RAM,1 TB SSD
ASUS Vivobook Pro 15 AMD Ryzen 7 Octa Core 5800HS,69990,102990,4,4  , 1 ,AMD Ryzen 7 Octa Core Processor,16 GB DDR4 RAM,1 TB SSD
Lenovo LOQ AI Powered AMD Ryzen 7 Octa Core 7840HS,77990,117490,4.4,53  , 6 ,AMD Ryzen 7 Octa Core Processor,16 GB DDR5 RAM,512 GB SSD
HP Victus AMD Ryzen 5 Hexa Core 5600H,55398,70224,4.4,390  , 38 ,AMD Ryzen 5 Hexa Core Processor,16 GB DDR4 RAM,512 GB SSD
MSI Stealth 15 Intel Core i7 13th Gen 13620H,159990,209990,0,0,0,Intel Core i7 Processor (13th Gen),16 GB DDR5 RAM,1 TB SSD
ASUS Vivobook 16X (2024) For Creator Intel H,63990,98990,4.2,717  , 59 ,Intel Core i5 Processor (12th Gen),16 GB DDR4 RAM,512 GB SSD
MSI GF63 Intel Core i5 12th Gen 12450H,71990,111990,4.4,117  , 16 ,Intel Core i5 Processor (12th Gen),16 GB DDR4 RAM,1 TB HDD|256 GB SSD
ASUS ROG Strix G15 (2024) AMD Ryzen 7 Octa Core AMD R7,78990,107990,4.5,1365  , 174 ,AMD Ryzen 7 Octa Core Processor,8 GB DDR4 RAM,512 GB SSD
Acer Nitro V Intel Core i7 13th Gen 13620H,94999,115999,5,3  , 1 ,Intel Core i7 Processor (13th Gen),16 GB DDR5 RAM,512 GB SSD
ALIENWARE Intel Core i9 10th Gen 10980HK,149990,377798,4.4,13  , 3 ,NVIDIA GeForce RTX 2080 with Max-Q,"15.6 inch Full HD LED Backlit Anti-glare IPS Display, 300 Hz, 300 Nits","Tobii-eye tracking to track head pose, presence, fine gaze and eye position"
MSI Cyborg 15 AI Intel Core Ultra 7 155H,104990,119990,5,3  , 0 ,Intel Core Ultra 7 Processor,16 GB DDR5 RAM,1 TB SSD
Lenovo AMD Ryzen 5 Quad Core R5,44880,77990,4.2,179  , 20 ,AMD Ryzen 5 Quad Core Processor,8 GB DDR4 RAM,512 GB SSD
ASUS Vivobook Gaming Intel Core i5 9th Gen,44990,76990,4.3,1812  , 245 ,Intel Core i5 Processor (9th Gen),8 GB DDR4 RAM,512 GB SSD
ASUS TUF Gaming F17,54299,79990,4.3,26  , 3 ,Intel Core i5 Processor (11th Gen),16 GB DDR4 RAM,512 GB SSD
MSI GF63 Intel Core i7 11th Gen 11800H,56990,79990,4.1,45  , 5 ,Intel Core i7 Processor (11th Gen),16 GB DDR4 RAM,1 TB HDD|256 GB SSD
MSI Sword 15 Intel Core i5 12th Gen 12500H,70647,98390,4.6,86  , 20 ,Intel Core i5 Processor (12th Gen),16 GB DDR4 RAM,512 GB SSD
Lenovo LOQ AMD Ryzen 5 Hexa Core 7640HS,67990,89290,4,4  , 1 ,AMD Ryzen 5 Hexa Core Processor,16 GB DDR5 RAM,512 GB SSD
MSI GF63 Intel Core i5 12th Gen 12450H,52990,94990,4.3,165  , 16 ,Intel Core i5 Processor (12th Gen),8 GB DDR4 RAM,512 GB SSD
MSI GF63 Intel Core i5 11th Gen 11260H,52990,84990,4.3,508  , 56 ,Intel Core i5 Processor (11th Gen),16 GB DDR4 RAM,1 TB HDD|256 GB SSD
ASUS Vivobook 14X OLED (2024) For Creator Intel H,70990,110990,4.2,132  , 15 ,Intel Core i5 Processor (13th Gen),16 GB DDR4 RAM,512 GB SSD
ASUS Vivobook Pro 15 (2024) For Creator Intel H,85990,120990,4.1,69  , 11 ,Intel Core i9 Processor (11th Gen),16 GB DDR4 RAM,512 GB SSD
Acer Predator Helios Neo 16 2024 Intel Core i9 14th Gen 14900HX,179999,183999,4,5  , 0 ,Intel Core i9 Processor (14th Gen),16 GB DDR5 RAM,1 TB SSD
Lenovo LOQ AI Powered AMD Ryzen 7 Octa Core 7840HS,96990,148290,4.5,64  , 8 ,AMD Ryzen 7 Octa Core Processor,16 GB DDR5 RAM,512 GB SSD
ASUS Intel Core i5 11th Gen,59990,89990,0,0,0,Intel Core i5 Processor (11th Gen),8 GB DDR4 RAM,512 GB SSD
MSI Cyborg 15 AI Intel Core Ultra 5 125H,96990,111990,0,0,0,Intel Core Ultra 5 Processor,16 GB DDR5 RAM,1 TB SSD
Acer Nitro V Intel Core i7 13th Gen 13620H,82999,105999,0,0,0,Intel Core i7 Processor (13th Gen),16 GB DDR5 RAM,512 GB SSD
ASUS Vivobook Pro 16 OLED (2023) For Creator Intel H,99990,152990,4.1,28  , 1 ,Intel Core i5 Processor (13th Gen),16 GB DDR5 RAM,512 GB SSD
Acer Nitro V Intel Core i5 13th Gen 13420H,74990,94999,4.2,93  , 9 ,Intel Core i5 Processor (13th Gen),8 GB DDR5 RAM,512 GB SSD
ASUS Vivobook Pro 15 OLED AMD Ryzen 5 Hexa Core AMD Ryzen 5 5600H,69899,86990,0,0,0,AMD Ryzen 5 Hexa Core Processor,16 GB DDR4 RAM,512 GB SSD
HP Victus Intel Core i7 12th Gen 12650H,85500,119800,3.6,16  , 1 ,Intel Core i7 Processor (12th Gen),16 GB DDR4 RAM,512 GB SSD
Lenovo LOQ 2024 Intel Core i5 12th Gen 12450HX,60990,82690,5,3  , 0 ,Intel Core i5 Processor (12th Gen),12 GB DDR5 RAM,512 GB SSD
MSI Katana 15 Intel Core i7 13th Gen 13620H,113990,164990,4.2,11  , 0 ,Intel Core i7 Processor (13th Gen),16 GB DDR5 RAM,1 TB SSD
Lenovo Lenovo Legion 5 2024 Intel Core i7 14th Gen 14650HX,179790,0,0,0,0,Intel Core i7 Processor (14th Gen),16 GB DDR5 RAM,1 TB SSD
MSI GF63 Intel Core i5 11th Gen 11260H,56990,71990,4.3,35  , 4 ,Intel Core i5 Processor (11th Gen),16 GB DDR4 RAM,1 TB HDD|256 GB SSD
Lenovo Lenovo Legion 7 2024 Intel Core i9 14th Gen 14900HX,174990,230190,0,0,0,Intel Core i9 Processor (14th Gen),16 GB DDR5 RAM,1 TB SSD
HP Victus AMD Ryzen 5 Hexa Core 5600H,55990,66670,5,3  , 0 ,AMD Ryzen 5 Hexa Core Processor,8 GB DDR4 RAM,512 GB SSD
ASUS ROG Strix G16 (2023) with 90WHr Battery Intel HX,159990,179990,4.4,7  , 0 ,Intel Core i9 Processor (13th Gen),16 GB DDR5 RAM,1 TB SSD
HP OMEN Intel Core i9 13th Gen 13900HX,271500,277278,0,0,0,Intel Core i9 Processor (13th Gen),32 GB DDR5 RAM,1 TB SSD
MSI Pulse 17 Intel Core i9 13th Gen 13900H,159990,207990,5,6  , 0 ,Intel Core i9 Processor (13th Gen),16 GB DDR5 RAM,1 TB SSD
ASUS TUF Gaming A15 (2024) with 90Whr Battery AMD Ryzen 7 Octa Core 5800H,92500,107990,4.4,362  , 34 ,AMD Ryzen 7 Octa Core Processor,16 GB DDR4 RAM,512 GB SSD
ASUS TUF Gaming F15 (2024) Intel Core i5 10th Gen 10200H,52000,70990,4.4,7012  , 668 ,Intel Core i5 Processor (10th Gen),8 GB DDR4 RAM,512 GB SSD
MSI Pulse 17 Intel Core i7 13th Gen 13700H,128990,172990,4.7,26  , 4 ,Intel Core i7 Processor (13th Gen),16 GB DDR5 RAM,1 TB SSD
HP OMEN Intel Core i5 13th Gen 13420H,89990,118169,4.3,106  , 13 ,Intel Core i5 Processor (13th Gen),16 GB DDR5 RAM,512 GB SSD
ASUS ROG Strix G16 (2023) with 90WHr Battery Intel HX,159990,179990,4.4,7  , 0 ,Intel Core i9 Processor (13th Gen),16 GB DDR5 RAM,1 TB SSD
Lenovo Legion 5 Pro AMD Ryzen 7 Octa Core 5800H,104990,195890,4.5,93  , 8 ,AMD Ryzen 7 Octa Core Processor,16 GB DDR4 RAM,1 TB SSD
ASUS Chromebook Intel Celeron Dual Core N4500,15990,32990,3.8,1305  , 125 ,Intel Celeron Dual Core Processor,4 GB LPDDR4X RAM,35.56 cm (14 Inch) Display
HP Chromebook (2024) MediaTek MT8183,13990,34554,3.8,4127  , 431 ,MediaTek MT8183 Processor,4 GB LPDDR4X RAM,29.46 cm (11.6 Inch) Display
Acer Predator Helios 16 2024 Intel Core i9 14th Gen 14900HX,199999,0,0,0,0,Intel Core i9 Processor (14th Gen),16 GB DDR5 RAM,1 TB SSD
ASUS ROG Strix G16 (2023) with 90WHr Battery Intel HX,125990,143990,4.4,13  , 3 ,Intel Core i7 Processor (13th Gen),16 GB DDR5 RAM,1 TB SSD
Acer Intel Celeron Dual Core N4500,17990,40000,3.6,82  , 9 ,Intel Celeron Dual Core Processor,8 GB LPDDR4X RAM,35.56 cm (14 inch) Display
ASUS TUF Gaming F15,57990,75990,4.4,209  , 24 ,Intel Core i5 Processor (11th Gen),8 GB DDR4 RAM,512 GB SSD
ASUS Vivobook 16X Intel Core i5 12th Gen 12500H,65990,98990,0,0,0,Intel Core i5 Processor (12th Gen),16 GB DDR4 RAM,512 GB SSD
ASUS TUF Gaming F15 (2024) Intel Core i5 10th Gen 10200H,52000,70990,4.4,7012  , 668 ,Intel Core i5 Processor (10th Gen),8 GB DDR4 RAM,512 GB SSD
MSI Katana 15 Intel Core i5 12th Gen 12450H,87990,99990,4.5,17  , 1 ,Intel Core i5 Processor (12th Gen),16 GB DDR5 RAM,1 TB SSD
ASUS Vivobook Pro 15 OLED AMD Ryzen 5 Dual Core 10th Gen AMD Ryzen 5 5600H,59990,115330,4.5,2  , 2 ,AMD Ryzen 5 Dual Core Processor (10th Gen),16 GB DDR4 RAM,512 GB SSD
MSI Katana 17 Intel Core i9 13th Gen 13900H,159990,0,0,0,0,Intel Core i9 Processor (13th Gen),16 GB DDR5 RAM,1 TB SSD
ASUS ROG Zephyrus G14 (2023) with 76WHr Battery AI Powered AMD Ryzen 9 Octa Core 7940HS,139990,209990,4,7  , 0 ,AMD Ryzen 9 Octa Core Processor,16 GB DDR5 RAM,1 TB SSD
Lenovo LOQ Intel Core i7 13th Gen 13620H,104730,153890,4.2,152  , 26 ,Intel Core i7 Processor (13th Gen),16 GB DDR5 RAM,512 GB SSD
Acer Predator Helios 300 Intel Core i7 11th Gen 11800H,91990,149999,4.4,505  , 77 ,Intel Core i7 Processor (11th Gen),16 GB DDR4 RAM,1 TB HDD|512 GB SSD
Acer Nitro V Intel Core i5 13th Gen 13420H,56990,78999,4.2,247  , 26 ,Intel Core i5 Processor (13th Gen),8 GB DDR5 RAM,512 GB SSD
HP Pavilion Plus Intel Core i7 13th Gen 13700H,109900,143922,0,0,0,Intel Core i7 Processor (13th Gen),16 GB LPDDR5X RAM,1 TB SSD
HP OMEN 16 ARM Ryzen 7 Octa Core,111990,144641,4.7,3  , 0 ,ARM Ryzen 7 Octa Core Processor,16 GB DDR5 RAM,512 GB SSD
HP OMEN Intel Core i9 13th Gen 13900HX,271500,277278,0,0,0,Intel Core i9 Processor (13th Gen),32 GB DDR5 RAM,1 TB SSD
Lenovo IdeaPad Gaming 3 Intel Core i7 12th Gen 12700H,94990,153890,4.5,17  , 2 ,Intel Core i7 Processor (12th Gen),16 GB DDR4 RAM,512 GB SSD
Lenovo Legion Slim 5 AI Powered AMD Ryzen 7 Octa Core 7840HS,99990,153890,4.9,7  , 0 ,AMD Ryzen 7 Octa Core Processor,16 GB DDR5 RAM,512 GB SSD
MSI Stealth 16 AI Studio Intel Core Ultra 7 155H,199990,229990,0,0,0,Intel Core Ultra 7 Processor,32 GB DDR5 RAM,1 TB SSD
Acer Predator Helios Neo 16 2024 Intel Core i7 14th Gen 14700HX,149999,157999,4.3,3  , 0 ,Intel Core i7 Processor (14th Gen),16 GB DDR5 RAM,1 TB SSD
HP Pavilion Plus Intel Core i7 13th Gen 13700H,114999,143922,0,0,0,Intel Core i7 Processor (13th Gen),16 GB LPDDR5X RAM,1 TB SSD
ASUS Vivobook Pro 15 For Creator AMD Ryzen 5 Hexa Core 5600HS,58990,78990,3.8,10  , 1 ,AMD Ryzen 5 Hexa Core Processor,16 GB DDR4 RAM,512 GB SSD
HP Victus Intel Core i5 12th Gen 12450H,56990,77566,0,0,0,Intel Core i5 Processor (12th Gen),8 GB DDR4 RAM,512 GB SSD
Acer Aspire 5 Gaming Intel Core i5 12th Gen 1240P,51890,89999,4.1,60  , 5 ,Intel Core i5 Processor (12th Gen),16 GB DDR4 RAM,512 GB SSD
Lenovo IdeaPad Gaming 3 Intel Core i7 12th Gen 12700H,94990,153890,4.5,17  , 2 ,Intel Core i7 Processor (12th Gen),16 GB DDR4 RAM,512 GB SSD
MSI Stealth 16 AI Studio Intel Core Ultra 7 155H,199990,229990,0,0,0,Intel Core Ultra 7 Processor,32 GB DDR5 RAM,1 TB SSD
Lenovo LOQ Intel Core i7 13th Gen 13620H,104730,153890,4.2,152  , 26 ,Intel Core i7 Processor (13th Gen),16 GB DDR5 RAM,512 GB SSD
HP Victus Intel Core i7 13th Gen 13700H,94990,127764,4.5,64  , 9 ,Intel Core i7 Processor (13th Gen),16 GB DDR4 RAM,512 GB SSD
MSI Katana 15 Intel Core i5 12th Gen 12450H,87990,99990,4.5,17  , 1 ,Intel Core i5 Processor (12th Gen),16 GB DDR5 RAM,1 TB SSD
ASUS Vivobook 16X Intel Core i5 12th Gen 12500H,65990,98990,0,0,0,Intel Core i5 Processor (12th Gen),16 GB DDR4 RAM,512 GB SSD
Lenovo IdeaPad 5 Pro AMD Ryzen 7 Octa Core 6800HS,89190,125890,0,0,0,AMD Ryzen 7 Octa Core Processor,16 GB LPDDR5 RAM,512 GB SSD
MSI Titan GT77 Intel Core i9 13th Gen 13980HX,389990,548990,0,0,0,Intel Core i9 Processor (13th Gen),64 GB DDR5 RAM,2 TB SSD
HP Intel Core i5 11th Gen,54999,82000,0,0,0,Intel Core i5 Processor (11th Gen),8 GB DDR4 RAM,512 GB SSD
MSI GP76 Intel Core i7 11th Gen 11800H,135875,201990,4.4,29  , 6 ,Pre-installed Genuine Windows 10 Home OS,Intel Core i7 Processor (11th Gen),64 bit Windows 10 Operating System
HP Victus Intel Core i7 12th Gen 12650H,77900,101278,4.3,182  , 17 ,Intel Core i7 Processor (12th Gen),8 GB DDR4 RAM,512 GB SSD
ASUS Vivobook 16X Intel Core i5 12th Gen 12500H,65990,98990,0,0,0,Intel Core i5 Processor (12th Gen),8 GB DDR4 RAM,512 GB SSD
ASUS Vivobook Pro 15 OLED AMD Ryzen 5 Dual Core 10th Gen AMD Ryzen 5 5600H,59990,115330,4.5,2  , 2 ,AMD Ryzen 5 Dual Core Processor (10th Gen),16 GB DDR4 RAM,512 GB SSD
ASUS ROG Flow X13 with RTX 3080 eGPU AMD Ryzen 9 Octa Core AMD R9,149990,350990,4.8,9  , 0 ,AMD Ryzen 9 Octa Core Processor,32 GB LPDDR4X RAM,1 TB SSD
Acer Nitro V Intel Core i5 13th Gen 13420H,56990,78999,4.2,247  , 26 ,Intel Core i5 Processor (13th Gen),8 GB DDR5 RAM,512 GB SSD
Acer Swift X Intel Core i7 11th Gen 11390H,89507,134999,0,0,0,Intel Core i7 Processor (11th Gen),16 GB LPDDR4X RAM,1 TB SSD
DELL G15,79880,102317,4.1,14  , 1 ,Intel Core i5 Processor (13th Gen),16 GB DDR5 RAM,512 GB SSD
Infinix GT Book Intel Core i5 13th Gen 13420H,79990,129990,4.3,9  , 3 ,Intel Core i5 Processor (13th Gen),16 GB LPDDR5X RAM,512 GB SSD
Acer Aspire 7 (2023) Intel Core i5 12th Gen 12450H,61249,81999,4.2,104  , 11 ,Intel Core i5 Processor (12th Gen),16 GB DDR4 RAM,512 GB SSD
HP Victus AMD Ryzen 7 Octa Core 5800H,78500,105000,4.4,19  , 1 ,AMD Ryzen 7 Octa Core Processor,16 GB DDR4 RAM,512 GB SSD
ASUS TUF Gaming F15 (2023) with 90WHr Battery Intel H,139990,185990,4.3,7  , 0 ,Intel Core i9 Processor (13th Gen),16 GB DDR4 RAM,1 TB SSD
ASUS TUF Dash F15 Intel Core i7 12th Gen 12650H,91500,128990,4.5,217  , 22 ,Intel Core i7 Processor (12th Gen),16 GB DDR5 RAM,1 TB SSD
Lenovo Legion Slim 5 AI Powered AMD Ryzen 7 Octa Core 7840HS,99990,153890,4.9,7  , 0 ,AMD Ryzen 7 Octa Core Processor,16 GB DDR5 RAM,512 GB SSD
Lenovo LOQ 2024 Intel Core i7 13th Gen 13650HX,103990,146890,0,0,0,Intel Core i7 Processor (13th Gen),16 GB DDR5 RAM,1 TB SSD
HP OMEN Intel Core i7 13th Gen 13700HX,151990,176108,0,0,0,Intel Core i7 Processor (13th Gen),16 GB DDR5 RAM,512 GB SSD
HP Victus Intel Core i5 11th Gen 11400H,58990,69999,4.2,57  , 4 ,Intel Core i5 Processor (11th Gen),16 GB DDR4 RAM,512 GB SSD
HP OMEN Intel Core Ultra 7 155H,169990,191668,0,0,0,Intel Core Ultra 7 Processor,16 GB LPDDR5X RAM,1 TB SSD
ASUS ROG Strix G15 (2024) AMD Ryzen 9 Octa Core R9,102990,129990,4.5,916  , 97 ,AMD Ryzen 9 Octa Core Processor,16 GB DDR4 RAM,1 TB SSD
ASUS TUF Gaming F15,55990,77990,1,3  , 0 ,Intel Core i5 Processor (11th Gen),32 GB DDR4 RAM,512 GB SSD
Acer Nitro 5 (2024) Intel Core i7 12th Gen 12650H,102990,181999,4.4,721  , 69 ,Intel Core i7 Processor (12th Gen),16 GB DDR4 RAM,1 TB SSD
MSI Thin 15 Intel Core i5 13th Gen 13420H,82990,0,0,0,0,Intel Core i5 Processor (13th Gen),16 GB DDR4 RAM,512 GB SSD
Acer Predator Helios Neo 16 2024 Intel Core i7 14th Gen 14700HX,149999,157999,4.3,3  , 0 ,Intel Core i7 Processor (14th Gen),16 GB DDR5 RAM,1 TB SSD
ASUS ROG Zephyrus G14 (2023) with 76WHr Battery AI Powered AMD Ryzen 9 Octa Core 7940HS,139990,209990,4,7  , 0 ,AMD Ryzen 9 Octa Core Processor,16 GB DDR5 RAM,1 TB SSD
Lenovo IdeaPad Gaming 3 Intel Intel Core i5 11th Gen 11300H,52200,80000,4.1,47  , 10 ,Intel Core i5 Processor (11th Gen),8 GB DDR4 RAM,512 GB SSD
MSI Katana 17 Intel Core i7 13th Gen 13700H,149990,0,0,0,0,Intel Core i7 Processor (13th Gen),16 GB DDR5 RAM,1 TB SSD
HP Victus Intel Core i5 12th Gen 12450H,54990,77566,4.4,445  , 39 ,Intel Core i5 Processor (12th Gen),8 GB DDR4 RAM,512 GB SSD
Lenovo Lenovo Legion 9 2024 Intel Core i9 14th Gen 14900HX,459990,647390,0,0,0,Intel Core i9 Processor (14th Gen),64 GB DDR5 RAM,2 TB SSD
MSI GF Thin Series Intel Core i5 11th Gen Tiger Lake i5,63990,84990,0,0,0,Intel Core i5 Processor (11th Gen),16 GB DDR4 RAM,512 GB SSD
HP Intel Core i7 12th Gen 12650H,87700,113926,0,0,0,Intel Core i7 Processor (12th Gen),16 GB DDR4 RAM,512 GB SSD
ASUS TUF Gaming A16 Advantage Edition (2024) with 90WHr Battery AI Powered AMD Ryzen 9 Octa Core 7940...,135990,161990,4.8,6  , 0 ,AMD Ryzen 9 Octa Core Processor,16 GB DDR5 RAM,1 TB SSD
Acer Nitro 5 (2023) AMD Ryzen 7 Octa Core 7735HS,71900,108990,4.4,40  , 5 ,AMD Ryzen 7 Octa Core Processor,16 GB DDR5 RAM,512 GB SSD
HP Victus Intel Core i7 12th Gen,77999,99999,0,0,0,Intel Core i7 Processor (12th Gen),8 GB DDR4 RAM,512 GB SSD
HP Intel Core i7 13th Gen 1355U,124990,132727,0,0,0,Intel Core i7 Processor (13th Gen),16 GB LPDDR5 RAM,512 GB SSD
Lenovo Ideapad Gaming 3 AMD Ryzen 5 Hexa Core 4600H,52500,76890,4.3,410  , 48 ,AMD Ryzen 5 Hexa Core Processor,8 GB DDR4 RAM,1 TB HDD
ASUS Intel Core i5 10th Gen,53990,80990,4.7,6  , 0 ,Intel Core i5 Processor (10th Gen),8 GB DDR4 RAM,1 TB SSD
HP Victus Intel Core i5 12th Gen 12450H,67499,84500,4.3,158  , 8 ,Intel Core i5 Processor (12th Gen),16 GB DDR4 RAM,1 TB SSD
ASUS Vivobook 16X (2024) For Creator Intel H,78490,116990,4.2,74  , 9 ,Intel Core i7 Processor (12th Gen),16 GB DDR4 RAM,512 GB SSD
Acer AMD Ryzen 5 Hexa Core 6600H,73039,119999,0,0,0,AMD Ryzen 5 Hexa Core Processor,8 GB DDR5 RAM,1 TB SSD
Acer Nitro Intel Core i5 11th Gen 11400H,74699,85000,3.9,47  , 4 ,Intel Core i5 Processor (11th Gen),8 GB DDR4 RAM,1 TB HDD|256 GB SSD
HP AMD Ryzen 5 Hexa Core,60999,79000,0,0,0,AMD Ryzen 5 Hexa Core Processor,8 GB DDR4 RAM,512 GB SSD
Lenovo Legion 5 AMD Ryzen 7 Octa Core 5800H,99990,162290,4.3,94  , 18 ,AMD Ryzen 7 Octa Core Processor,16 GB DDR4 RAM,512 GB SSD
ASUS TUF Gaming F17 Intel Core i5 11th Gen 11400H,55499,80990,4,5  , 0 ,Intel Core i5 Processor (11th Gen),8 GB DDR4 RAM,512 GB SSD
Lenovo Lenovo Legion 5 2024 Intel Core i7 14th Gen 14650HX,144990,196590,0,0,0,Intel Core i7 Processor (14th Gen),16 GB DDR5 RAM,1 TB SSD
ASUS Intel Core i5 12th Gen,85490,100945,3.2,5  , 2 ,Intel Core i5 Processor (12th Gen),8 GB DDR5 RAM,512 GB SSD
ASUS TUF Gaming F15,58990,81990,4.1,30  , 0 ,Intel Core i5 Processor (11th Gen),8 GB DDR4 RAM,1 TB SSD
MSI Bravo 15 AMD Ryzen 7 Octa Core 7735HS,79990,83990,4.8,9  , 4 ,AMD Ryzen 7 Octa Core Processor,16 GB DDR5 RAM,512 GB SSD
Lenovo Legion 7i Intel Core i7 10th Gen 10875H,126590,279890,3.8,10  , 3 ,Intel Core i7 Processor (10th Gen),16 GB DDR4 RAM,1 TB SSD
ASUS TUF Gaming F15 Intel Core i5 12th Gen i5,78990,105990,4.3,36  , 1 ,Intel Core i5 Processor (12th Gen),16 GB DDR4 RAM,512 GB SSD
ASUS Vivobook Pro 15 OLED Intel Core i5 12th Gen 12450H,77999,110990,4.4,190  , 23 ,Intel Core i5 Processor (12th Gen),16 GB LPDDR5 RAM,512 GB SSD
Lenovo Lenvo Legion Pro 7 2024 Intel Core i9 14th Gen 14900HX,372490,500390,0,0,0,Intel Core i9 Processor (14th Gen),32 GB DDR5 RAM,1 TB SSD
MSI Thin 15 Intel Core i7 12th Gen 12650H,89990,0,0,0,0,Intel Core i7 Processor (12th Gen),16 GB DDR4 RAM,1 TB SSD
ASUS AMD Ryzen 7 Octa Core,75990,108990,0,0,0,AMD Ryzen 7 Octa Core Processor,16 GB DDR4 RAM,1 TB SSD
ASUS Intel Core i5,75000,139000,0,0,0,Intel Core i5 Processor,16 GB DDR4 RAM,512 GB SSD
DELL Inspiron Intel Core i5 13th Gen 13450HX,72990,96791,4.1,14  , 1 ,Intel Core i5 Processor (13th Gen),8 GB DDR5 RAM,512 GB SSD
Acer Nitro 5 Intel Core i5 12th Gen 12500H,72899,109900,4.5,129  , 16 ,Intel Core i5 Processor (12th Gen),16 GB DDR4 RAM,512 GB SSD
HP Omen AI Powered AMD Ryzen 7 Octa Core 7840HS,103990,133317,4,43  , 7 ,AMD Ryzen 7 Octa Core Processor,16 GB DDR5 RAM,1 TB SSD
GIGABYTE AERO 5 KE4 Intel Core i7 12th Gen 12700H,113890,163953,3.8,4  , 0 ,Intel Core i7 Processor (12th Gen),16 GB DDR4 RAM,1 TB SSD
ASUS Vivobook Pro 14 OLED (2024) AMD Ryzen 7 Octa Core AMD R7,82490,129990,4.5,599  , 59 ,AMD Ryzen 7 Octa Core Processor,16 GB DDR4 RAM,512 GB SSD
ASUS Chromebook Intel Celeron Dual Core N4500,15990,32990,3.8,1305  , 125 ,Intel Celeron Dual Core Processor,4 GB LPDDR4X RAM,35.56 cm (14 Inch) Display
HP Chromebook (2024) MediaTek MT8183,13990,34554,3.8,4127  , 431 ,MediaTek MT8183 Processor,4 GB LPDDR4X RAM,29.46 cm (11.6 Inch) Display
HP Victus Intel Core i5 12th Gen 12450H,56990,75142,4.1,114  , 6 ,Intel Core i5 Processor (12th Gen),8 GB DDR4 RAM,512 GB SSD
HP Omen Intel Core i9 12th Gen 12900HX,313990,344736,5,2  , 1 ,Intel Core i9 Processor (12th Gen),32 GB DDR5 RAM,2 TB SSD
Lenovo LOQ 2024 Intel Core i7 13th Gen 13650HX,92990,123090,0,0,0,Intel Core i7 Processor (13th Gen),16 GB DDR5 RAM,512 GB SSD
ASUS ROG Strix Scar 16 (2024) Intel Core i9 14th Gen 14900HX,292999,347990,4.7,3  , 0 ,Intel Core i9 Processor (14th Gen),32 GB DDR5 RAM,2 TB SSD
Acer Intel Celeron Dual Core N4500,17990,40000,3.6,82  , 9 ,Intel Celeron Dual Core Processor,8 GB LPDDR4X RAM,35.56 cm (14 inch) Display
ASUS Chromebook Intel Celeron Dual Core N4500,19990,32990,3.8,741  , 78 ,Intel Celeron Dual Core Processor,8 GB LPDDR4X RAM,39.62 cm (15.6 Inch) Display
Acer Aspire 5 Intel Core i5 13th Gen,52990,89999,0,0,0,Intel Core i5 Processor (13th Gen),8 GB DDR4 RAM,512 GB SSD
Lenovo Lenovo Legion 9 2023 Intel Core i9 13th Gen 13980HX,449990,629890,0,0,0,Intel Core i9 Processor (13th Gen),32 GB DDR5 RAM,2 TB SSD
Acer Intel Celeron Dual Core N4500,33999,0,3.8,172  , 12 ,Intel Celeron Dual Core Processor,8 GB LPDDR4X RAM,35.56 cm (14 inch) Display
ASUS Chromebook Intel Celeron Dual Core N4500,15990,32990,3.8,741  , 78 ,Intel Celeron Dual Core Processor,4 GB LPDDR4X RAM,39.62 cm (15.6 Inch) Display
Lenovo Ideapad Gaming 3 AMD Ryzen 5 Hexa Core 5600H,63990,68811,4.3,268  , 32 ,AMD Ryzen 5 Hexa Core Processor,8 GB DDR4 RAM,512 GB SSD
HP Omen Intel Core i7 13th Gen 13620H,124990,146134,0,0,0,Intel Core i7 Processor (13th Gen),16 GB DDR5 RAM,1 TB SSD
ASUS ROG Flow X16 (2024) with 90Whr Battery AMD Ryzen 9 Octa Core 6900HS,180990,254990,3.8,4  , 0 ,AMD Ryzen 9 Octa Core Processor,16 GB DDR5 RAM,1 TB SSD
ASUS Vivobook Pro 15 For Creator AMD Ryzen 5 Hexa Core 5600HS,58990,78990,3.8,10  , 1 ,AMD Ryzen 5 Hexa Core Processor,16 GB DDR4 RAM,512 GB SSD
HP 360 Intel Celeron Quad Core N4120,18990,31156,4,1124  , 95 ,Intel Celeron Quad Core Processor,4 GB LPDDR4 RAM,35.56 cm (14 Inch) Touchscreen Display
HP 360 Intel Celeron Dual Core N4120,18990,32295,3.9,1165  , 106 ,Intel Celeron Dual Core Processor,4 GB LPDDR4 RAM,35.56 cm (14 Inch) Touchscreen Display
ALIENWARE Intel Core i7 10th Gen 10750H,253990,293080,4,5  , 2 ,NVIDIA GeForce RTX 2070,"15.6 inch Full HD LED Backlit Anti-glare IPS Display, 300 Hz, 300 Nits","Tobii-eye tracking to track head pose, presence, fine gaze and eye position"
ASUS Intel Core i7 12th Gen 12700H,95223,119990,0,0,0,Intel Core i7 Processor (12th Gen),16 GB DDR4 RAM,1 TB SSD
Acer Intel Core i3 13th Gen 1315U,59990,64999,0,0,0,Intel Core i3 Processor (13th Gen),8 GB LPDDR5X RAM,256 GB SSD
Lenovo Ideapad Slim 3 MediaTek Kompanio 520,21990,28690,3.7,161  , 12 ,MediaTek Kompanio 520 Processor,4 GB LPDDR4X RAM,35.56 cm (14 Inch) Display
MSI Katana 17 Intel Core i7 13th Gen 13620H,89990,123990,4.7,16  , 3 ,Intel Core i7 Processor (13th Gen),16 GB DDR5 RAM,512 GB SSD
Lenovo Ideapad Gaming 3 AMD Ryzen 5 Hexa Core 4600H,52500,76890,4.3,410  , 48 ,AMD Ryzen 5 Hexa Core Processor,8 GB DDR4 RAM,1 TB HDD
HP Victus Intel Core i5 11th Gen 11400H,55400,84419,4.3,816  , 81 ,Intel Core i5 Processor (11th Gen),8 GB DDR4 RAM,512 GB SSD
DELL AMD Ryzen 7 Octa Core 6800H,93831,157867,0,0,0,AMD Ryzen 7 Octa Core Processor,16 GB DDR5 RAM,512 GB SSD
MSI Katana 17 Intel Core i7 13th Gen 13620H,89990,123990,4.7,16  , 3 ,Intel Core i7 Processor (13th Gen),16 GB DDR5 RAM,512 GB SSD
MSI Katana A15 AI AMD Ryzen 7 Octa Core 8845HS,104990,117990,0,0,0,AMD Ryzen 7 Octa Core Processor,16 GB DDR5 RAM,512 GB SSD
Lenovo IdeaPad Gaming 3 (2024) Intel Core i5 11th Gen 11320H,50990,84999,4.3,5206  , 474 ,Intel Core i5 Processor (11th Gen),8 GB DDR4 RAM,512 GB SSD
MSI Cyborg 15 Intel Core i7 12th Gen 12650H,79990,97990,0,0,0,Intel Core i7 Processor (12th Gen),16 GB DDR5 RAM,512 GB SSD
ASUS ROG Strix G15 (2024) AMD Ryzen 7 Octa Core AMD R7,66990,90990,4.5,2063  , 260 ,AMD Ryzen 7 Octa Core Processor,8 GB DDR4 RAM,512 GB SSD
ASUS TUF Dash F15 (2024) Intel Core i5 11th Gen 11300H,71990,129990,4.4,334  , 41 ,Intel Core i5 Processor (11th Gen),16 GB DDR4 RAM,512 GB SSD
ASUS ROG Strix Scar 16 (2024) Intel Core i9 14th Gen 14900HX,292999,347990,4.7,3  , 0 ,Intel Core i9 Processor (14th Gen),32 GB DDR5 RAM,2 TB SSD
MSI Katana GF66 Intel Core i5 12th Gen 12450H,72990,95990,0,0,0,Intel Core i5 Processor (12th Gen),8 GB DDR4 RAM,512 GB SSD
HP Victus Intel Core i5 12th Gen 12450H,59990,84763,4.1,114  , 6 ,Intel Core i5 Processor (12th Gen),16 GB DDR4 RAM,512 GB SSD
HP Victus AMD Ryzen 7 Octa Core 5800H,69000,86547,4.3,110  , 16 ,AMD Ryzen 7 Octa Core Processor,8 GB DDR4 RAM,512 GB SSD
MSI Vector GP78 Intel Core i9 13th Gen 13980HX,344990,409990,0,0,0,Intel Core i9 Processor (13th Gen),32 GB DDR5 RAM,2 TB SSD
MSI Stealth 16 Studio Intel Core i7 13th Gen 13700H,219990,279990,3.7,3  , 1 ,Intel Core i7 Processor (13th Gen),32 GB DDR5 RAM,1 TB SSD
MSI Pulse 15 Intel Core i7 13th Gen 13700H,126990,190990,4.7,12  , 2 ,Intel Core i7 Processor (13th Gen),16 GB DDR5 RAM,1 TB SSD
Lenovo IdeaPad Gaming 3 Intel Core i5 11th Gen 11320H,54099,85000,3.7,10  , 0 ,Intel Core i5 Processor (11th Gen),16 GB DDR4 RAM,512 GB SSD
DELL Alienware Intel Core i7 13th Gen 13650HX,146990,227990,0,0,0,Intel Core i7 Processor (13th Gen),16 GB DDR5 RAM,512 GB SSD
ASUS ROG Intel Core i7 7th Gen 7700HQ,107079,146490,3,2  , 1 ,"Pre-installed Genuine Windows 10 Operating System (Includes Built-in Security, Free Automated Updates, Latest Features)",Intel Core i7 Processor (7th Gen),64 bit Windows 10 Operating System
ASUS VivoBook Gaming Intel Core i5 9th Gen 9300H,72250,81990,4.3,120  , 26 ,Intel Core i5 Processor (9th Gen),8 GB DDR4 RAM,1 TB HDD|256 GB SSD
ASUS ROG Strix G16 (2023) Intel Intel Core i5 13th Gen 13450HX,92500,125990,4.4,154  , 15 ,Intel Core i5 Processor (13th Gen),16 GB DDR5 RAM,1 TB SSD
ASUS Intel Core i5 11th Gen,52299,81000,0,0,0,Intel Core i5 Processor (11th Gen),8 GB DDR4 RAM,512 GB SSD
Acer Predator Neo (2023) Intel Core i7 13th Gen 13700HX,99900,121000,4.5,690  , 75 ,Intel Core i7 Processor (13th Gen),16 GB DDR5 RAM,512 GB SSD
Acer Predator (2024) Intel Core i7 13th Gen 13700HX,157990,191999,4.2,10  , 4 ,Intel Core i7 Processor (13th Gen),16 GB DDR5 RAM,512 GB SSD
MSI Thin 15 Intel Core i7 13th Gen 13620H,73990,81990,0,0,0,Intel Core i7 Processor (13th Gen),16 GB DDR4 RAM,512 GB SSD
DELL G15,99990,135020,0,0,0,Intel Core i7 Processor (13th Gen),16 GB DDR5 RAM,1 TB SSD
ASUS ROG Zephyrus G15 (2022) with 90Whr Battery AMD Ryzen 7 Octa Core 6800HS,123830,170990,4.7,18  , 1 ,AMD Ryzen 7 Octa Core Processor,16 GB DDR5 RAM,1 TB SSD
ASUS Chromebook Intel Celeron Dual Core N4500,15990,32990,3.8,1305  , 125 ,Intel Celeron Dual Core Processor,4 GB LPDDR4X RAM,35.56 cm (14 Inch) Display
HP Chromebook (2024) MediaTek MT8183,13990,34554,3.8,4127  , 431 ,MediaTek MT8183 Processor,4 GB LPDDR4X RAM,29.46 cm (11.6 Inch) Display
HP Victus AMD Ryzen 7 Octa Core 5800H,69838,104914,4.4,32  , 0 ,AMD Ryzen 7 Octa Core Processor,16 GB DDR4 RAM,512 GB SSD
DELL G15 Intel Core i5 10th Gen 10200H,65990,78014,4.3,350  , 28 ,NVIDIA GeForce GTX 1650,"15.6 inches Full HD, 2-sided narrow bezel, 120Hz, 250 Nits",Game shift key for Turbo boost of power
MSI GF63 Intel Core i5 11th Gen 11260H,50990,70990,4.2,1277  , 131 ,Intel Core i5 Processor (11th Gen),16 GB DDR4 RAM,512 GB SSD
MSI Sword 16 HX Intel Core i7 14th Gen 14700HX,154990,173990,0,0,0,Intel Core i7 Processor (14th Gen),16 GB DDR5 RAM,1 TB SSD
Acer Intel Celeron Dual Core N4500,17990,40000,3.6,82  , 9 ,Intel Celeron Dual Core Processor,8 GB LPDDR4X RAM,35.56 cm (14 inch) Display
ASUS Chromebook Intel Celeron Dual Core N4500,19990,32990,3.8,741  , 78 ,Intel Celeron Dual Core Processor,8 GB LPDDR4X RAM,39.62 cm (15.6 Inch) Display
HP Omen AMD Ryzen 7 Octa Core 7840HS,109990,130894,0,0,0,AMD Ryzen 7 Octa Core Processor,16 GB DDR5 RAM,1 TB SSD
ASUS Intel Core i5 11th Gen,52299,81000,0,0,0,Intel Core i5 Processor (11th Gen),8 GB DDR4 RAM,512 GB SSD
Acer Intel Celeron Dual Core N4500,33999,0,3.8,172  , 12 ,Intel Celeron Dual Core Processor,8 GB LPDDR4X RAM,35.56 cm (14 inch) Display
ASUS Chromebook Intel Celeron Dual Core N4500,15990,32990,3.8,741  , 78 ,Intel Celeron Dual Core Processor,4 GB LPDDR4X RAM,39.62 cm (15.6 Inch) Display
Lenovo IdeaPad Gaming 3 AMD Ryzen 5 Quad Core 5500H,52499,77990,4.4,70  , 5 ,AMD Ryzen 5 Quad Core Processor,8 GB DDR4 RAM,512 GB SSD
HP Victus Intel Core i5 11th Gen 11400H,55400,84419,4.3,816  , 81 ,Intel Core i5 Processor (11th Gen),8 GB DDR4 RAM,512 GB SSD
Lenovo Lenovo Legion 5 2024 Intel Core i7 14th Gen 14650HX,167990,238590,0,0,0,Intel Core i7 Processor (14th Gen),16 GB DDR5 RAM,1 TB SSD
Acer Nitro AMD Ryzen 5 Hexa Core 5600H,57990,89999,4.5,511  , 73 ,Free upgrade to Windows 11 when available,AMD Ryzen 5 Hexa Core Processor,64 bit Windows 10 Operating System
HP 360 Intel Celeron Quad Core N4120,18990,31156,4,1124  , 95 ,Intel Celeron Quad Core Processor,4 GB LPDDR4 RAM,35.56 cm (14 Inch) Touchscreen Display
HP 360 Intel Celeron Dual Core N4120,18990,32295,3.9,1165  , 106 ,Intel Celeron Dual Core Processor,4 GB LPDDR4 RAM,35.56 cm (14 Inch) Touchscreen Display
Lenovo Intel Core i5 11th Gen,58850,60000,0,0,0,Intel Core i5 Processor (11th Gen),8 GB DDR4 RAM,512 GB SSD
MSI Stealth 16 Studio Intel Core i7 13th Gen 13700H,219990,279990,3.7,3  , 1 ,Intel Core i7 Processor (13th Gen),32 GB DDR5 RAM,1 TB SSD
Acer Intel Core i3 13th Gen 1315U,59990,64999,0,0,0,Intel Core i3 Processor (13th Gen),8 GB LPDDR5X RAM,256 GB SSD
Lenovo Ideapad Slim 3 MediaTek Kompanio 520,21990,28690,3.7,161  , 12 ,MediaTek Kompanio 520 Processor,4 GB LPDDR4X RAM,35.56 cm (14 Inch) Display
Acer Predator Helios 300 (2024) Intel Core i9 12th Gen 12900H,114490,179999,4.5,125  , 18 ,Intel Core i9 Processor (12th Gen),16 GB DDR5 RAM,1 TB SSD
ASUS ROG Zephyrus G15 AMD Ryzen 9 Octa Core AMD R9,131900,189990,4.1,101  , 20 ,AMD Ryzen 9 Octa Core Processor,16 GB DDR4 RAM,1 TB SSD
Acer Predator (2023) Intel Core i9 13th Gen 13900HX,178990,207999,4.4,82  , 9 ,Intel Core i9 Processor (13th Gen),16 GB DDR5 RAM,1 TB SSD
DELL Intel Core i5 13450HX,89649,123927,4.5,8  , 2 ,Intel Core i5 Processor,16 GB DDR5 RAM,512 GB SSD
Lenovo IdeaPad Gaming 3 AMD Ryzen 5 Quad Core 5500H,52499,77990,4.4,70  , 5 ,AMD Ryzen 5 Quad Core Processor,8 GB DDR4 RAM,512 GB SSD
Lenovo Lenovo Legion 5 2024 Intel Core i7 14th Gen 14650HX,167990,238590,0,0,0,Intel Core i7 Processor (14th Gen),16 GB DDR5 RAM,1 TB SSD
ASUS ROG Zephyrus G14 with 76WHr Battery AMD Ryzen 9 Octa Core 5900HS,133005,181990,4,14  , 6 ,AMD Ryzen 9 Octa Core Processor,16 GB DDR4 RAM,1 TB SSD
ASUS TUF Gaming F17 (2022) with 90Whr Battery Intel Core i7 12th Gen 12700H,113500,165990,4.3,96  , 16 ,Intel Core i7 Processor (12th Gen),16 GB DDR5 RAM,1 TB SSD
HP Victus Intel Core i5 11th Gen 11400H,55400,84419,4.3,816  , 81 ,Intel Core i5 Processor (11th Gen),8 GB DDR4 RAM,512 GB SSD
Lenovo IdeaPad Gaming 3 AMD Ryzen 5 Hexa Core 5600H,68999,104890,3.8,16  , 5 ,AMD Ryzen 5 Hexa Core Processor,8 GB DDR4 RAM,512 GB SSD
ASUS ASUS TUF Gaming A15 AMD Ryzen 5 Hexa Core 10th Gen,64750,75999,4,6  , 0 ,AMD Ryzen 5 Hexa Core Processor (10th Gen),8 GB DDR4 RAM,512 GB SSD
DELL Intel Core i9 12th Gen 12900H,172999,235000,3.8,6  , 0 ,Intel Core i9 Processor (12th Gen),16 GB DDR5 RAM,1 TB SSD
Lenovo Ideapad Gaming 3 (2024) AMD Ryzen 7 Octa Core 5800H,70990,99990,4.5,785  , 93 ,AMD Ryzen 7 Octa Core Processor,16 GB DDR4 RAM,512 GB SSD
MSI Thin 15 Intel Core i5 12th Gen 12450H,54990,70990,0,0,0,Intel Core i5 Processor (12th Gen),16 GB DDR4 RAM,512 GB SSD
HP Victus Intel Core i5 11th Gen 11400H,57490,75990,4.3,816  , 81 ,Intel Core i5 Processor (11th Gen),16 GB DDR4 RAM,512 GB SSD
MSI Stealth 17 Intel Core i7 13th Gen 13700H,269990,347990,0,0,0,Intel Core i7 Processor (13th Gen),16 GB DDR5 RAM,2 TB SSD
MSI Stealth 16 Studio Intel Core i7 13th Gen 13700H,219990,279990,3.7,3  , 1 ,Intel Core i7 Processor (13th Gen),32 GB DDR5 RAM,1 TB SSD
ASUS Intel Core i5,75000,139000,0,0,0,Intel Core i5 Processor,16 GB DDR4 RAM,512 GB SSD
HP OMEN Intel Core i7 11th Gen 11800H,79900,134535,3.5,8  , 2 ,Intel Core i7 Processor (11th Gen),16 GB DDR4 RAM,1 TB SSD
ASUS AMD Ryzen 5 Octa Core 10th Gen,61500,98990,0,0,0,AMD Ryzen 5 Octa Core Processor (10th Gen),16 GB DDR4 RAM,512 GB SSD
ASUS TUF Gaming F15 with 90WHr Battery Intel H,95899,155990,4.4,191  , 27 ,Intel Core i7 Processor (12th Gen),16 GB DDR5 RAM,1 TB SSD
MSI Vector GP68 Intel Core i9 13th Gen 13980HX,284990,335990,0,0,0,Intel Core i9 Processor (13th Gen),32 GB DDR5 RAM,1 TB SSD
HP OMEN Intel Core i7 13th Gen 13700HX,200490,232314,4.3,8  , 2 ,Intel Core i7 Processor (13th Gen),16 GB DDR5 RAM,1 TB SSD
HP OMEN Intel Core i7 12th Gen 12700H,125990,189900,0,0,0,Intel Core i7 Processor (12th Gen),16 GB DDR5 RAM,1 TB SSD
DELL AMD Ryzen 7 Octa Core AMD R7,103298,149187,3.6,14  , 2 ,AMD Ryzen 7 Octa Core Processor,16 GB DDR4 RAM,512 GB SSD
HP OMEN AMD Ryzen 7 Octa Core AMD R7,106900,152535,4.4,57  , 6 ,AMD Ryzen 7 Octa Core Processor,16 GB DDR5 RAM,512 GB SSD
MSI Thin 15 Intel Core i5 13th Gen 13420H,68990,76990,0,0,0,Intel Core i5 Processor (13th Gen),16 GB DDR4 RAM,512 GB SSD
Acer Nitro 5 AMD Ryzen 5 Hexa Core AMD R5,56990,91000,4.3,330  , 39 ,AMD Ryzen 5 Hexa Core Processor,8 GB DDR4 RAM,512 GB SSD
Lenovo IdeaPad Gaming 3 (2024) AMD Ryzen 7 Octa Core AMD R7,68990,118990,4.4,175  , 15 ,AMD Ryzen 7 Octa Core Processor,16 GB DDR4 RAM,512 GB SSD
MSI Thin 15 Intel Core i7 12th Gen 12650H,71990,80990,0,0,0,Intel Core i7 Processor (12th Gen),16 GB DDR4 RAM,512 GB SSD
ASUS ROG Flow X13 (2024) AMD Ryzen 7 Octa Core 6800HS,120990,201990,4.7,6  , 1 ,AMD Ryzen 7 Octa Core Processor,32 GB LPDDR5 RAM,1 TB SSD
ASUS TUF Gaming A15 with 90Whr Battery AMD Ryzen 7 Octa Core 6800H,107850,175990,4.2,30  , 0 ,AMD Ryzen 7 Octa Core Processor,16 GB DDR4 RAM,1 TB SSD
ASUS VivoBook Pro 14 OLED AMD Ryzen 7 Octa Core 5800H,87400,123990,4.5,599  , 59 ,AMD Ryzen 7 Octa Core Processor,16 GB DDR4 RAM,512 GB SSD
Acer Nitro AMD Ryzen 7 Octa Core 7735HS,88990,101999,0,0,0,AMD Ryzen 7 Octa Core Processor,16 GB DDR5 RAM,512 GB SSD
ASUS Intel Core i5 11th Gen,59990,89990,0,0,0,Intel Core i5 Processor (11th Gen),8 GB DDR4 RAM,512 GB SSD
ASUS Vivobook 16X For Creator Intel H,74990,116990,5,4  , 0 ,Intel Core i5 Processor (12th Gen),16 GB DDR4 RAM,512 GB SSD
MSI Katana 17 Intel Core i7 13th Gen 13620H,88990,117990,3.5,4  , 0 ,Intel Core i7 Processor (13th Gen),16 GB DDR5 RAM,512 GB SSD
ASUS ROG Strix G16 (2023) with 90WHr Battery Intel HX,109990,263990,4.6,11  , 1 ,Intel Core i5 Processor (13th Gen),16 GB DDR5 RAM,1 TB SSD
HP Pavilion Gaming Intel Core i7 11th Gen 11370H,81990,113800,4.3,12  , 1 ,Intel Core i7 Processor (11th Gen),16 GB DDR4 RAM,512 GB SSD
HP Intel Core i5 12th Gen 12450H,67999,99500,0,0,0,Intel Core i5 Processor (12th Gen),16 GB DDR4 RAM,512 GB SSD
Lenovo IdeaPad Gaming 3 (2024) Intel Core i5 11th Gen 11300H,64990,99290,4.3,448  , 46 ,Intel Core i5 Processor (11th Gen),16 GB DDR4 RAM,512 GB SSD
ASUS TUF Gaming A17 with 90Whr Battery AMD Ryzen 7 Octa Core AMD R7,84100,96600,4.4,1481  , 137 ,AMD Ryzen 7 Octa Core Processor,8 GB DDR4 RAM,512 GB SSD
ASUS TUF Gaming A16 Advantage Edition (2024) with 90WHr Battery AI Powered AMD Ryzen 9 Octa Core 7940...,135990,161990,4.8,6  , 0 ,AMD Ryzen 9 Octa Core Processor,16 GB DDR5 RAM,1 TB SSD
Acer Intel Core i7 13th Gen,76990,84990,0,0,0,Intel Core i7 Processor (13th Gen),16 GB DDR4 RAM,512 GB SSD
DELL Alienware Intel Core i7 12th Gen 12700H,179483,320926,0,0,0,Intel Core i7 Processor (12th Gen),16 GB DDR5 RAM,1 TB SSD
DELL Alienware Intel Core i7 12th Gen 12700H,199990,391378,0,0,0,Intel Core i7 Processor (12th Gen),32 GB DDR5 RAM,1 TB SSD
ASUS TUF Gaming F15 Intel Core i7 10th Gen 10870H,72999,120000,4.5,15  , 3 ,Intel Core i7 Processor (10th Gen),8 GB DDR4 RAM,1 TB HDD|256 GB SSD
ASUS ROG Strix G15 (2021) AMD Ryzen 5 Hexa Core AMD R5,87990,114989,4.5,129  , 19 ,AMD Ryzen 5 Hexa Core Processor,8 GB DDR4 RAM,1 TB SSD
Acer Nitro AMD Ryzen 7 Octa Core 7735HS,89999,0,0,0,0,AMD Ryzen 7 Octa Core Processor,16 GB DDR5 RAM,512 GB SSD
HP OMEN Intel Core Ultra 7 155H,170990,192386,0,0,0,Intel Core Ultra 7 Processor,16 GB LPDDR5X RAM,1 TB SSD
Acer Nitro 5 Intel Core i5 12th Gen 12500H,63990,99999,4.1,62  , 7 ,Intel Core i5 Processor (12th Gen),8 GB DDR4 RAM,512 GB SSD
Lenovo LOQ 2024 Intel Core i7 14th Gen 14700HX,125990,172090,0,0,0,Intel Core i7 Processor (14th Gen),16 GB DDR5 RAM,1 TB SSD
MSI Thin 15 Intel Core i7 13th Gen 13620H,91990,103990,0,0,0,Intel Core i7 Processor (13th Gen),16 GB DDR4 RAM,1 TB SSD
Lenovo IdeaPad Gaming 3 (2024) AMD Ryzen 7 Octa Core AMD R7,66960,103490,4.5,785  , 93 ,AMD Ryzen 7 Octa Core Processor,8 GB DDR4 RAM,512 GB SSD
Acer Nitro 16 AMD Ryzen 7 Octa Core,95890,131999,0,0,0,AMD Ryzen 7 Octa Core Processor,8 GB DDR5 RAM,512 GB SSD
Acer Nitro 5 AMD Ryzen 5 Hexa Core 5600H,105999,129999,4,3  , 1 ,AMD Ryzen 5 Hexa Core Processor,16 GB DDR4 RAM,1 TB HDD|512 GB SSD
Lenovo Legion 5 (2024) Intel Core i7 11th Gen 11800H,79990,145000,4,85  , 15 ,Intel Core i7 Processor (11th Gen),16 GB DDR4 RAM,512 GB SSD
HP Intel Core i7 12th Gen,101900,121900,0,0,0,Intel Core i7 Processor (12th Gen),16 GB LPDDR4X RAM,512 GB SSD
HP AMD Ryzen 5 Hexa Core 5th Gen,50800,77354,0,0,0,AMD Ryzen 5 Hexa Core Processor (5th Gen),8 GB DDR4 RAM,512 GB SSD
HP OMEN Intel Core i7 13th Gen 13700HX,151990,176108,0,0,0,Intel Core i7 Processor (13th Gen),16 GB DDR5 RAM,512 GB SSD
HP Victus Intel Core i5 13th Gen 13500H,105000,116463,0,0,0,Intel Core i5 Processor (13th Gen),16 GB DDR4 RAM,512 GB SSD
HP Victus AMD Ryzen 5 Hexa Core 5600H,56990,77132,4.2,32  , 0 ,AMD Ryzen 5 Hexa Core Processor,8 GB DDR4 RAM,512 GB SSD
Acer Aspire 7 Intel Core i5 9th Gen 9300H,55490,79999,4.5,13826  , 2090 ,Intel Core i5 Processor (9th Gen),8 GB DDR4 RAM,512 GB SSD
HP OMEN Intel Core i7 13th Gen 13700HX,151990,176108,0,0,0,Intel Core i7 Processor (13th Gen),16 GB DDR5 RAM,512 GB SSD
HP AMD Ryzen 5 Hexa Core 7535HS,62990,72300,0,0,0,AMD Ryzen 5 Hexa Core Processor,8 GB DDR4 RAM,512 GB SSD
Lenovo Lenovo Legion Pro 5 2024 Intel Core i7 14th Gen 14650HX,154990,216190,0,0,0,Intel Core i7 Processor (14th Gen),16 GB DDR5 RAM,1 TB SSD
ASUS Vivobook 14X OLED (2023) For Creator Intel H,70990,110990,4.2,132  , 15 ,Intel Core i5 Processor (13th Gen),16 GB DDR4 RAM,512 GB SSD
DELL G15 Intel Core i5 10th Gen 10200H,76716,103000,4.5,4  , 0 ,Intel Core i5 Processor (10th Gen),16 GB DDR4 RAM,512 GB SSD
Lenovo IdeaPad Gaming 3 AMD Ryzen 5 Hexa Core AMD R5,64419,99640,4.3,268  , 32 ,AMD Ryzen 5 Hexa Core Processor,16 GB DDR4 RAM,512 GB SSD
ASUS AMD Ryzen 5 Dual Core 5th Gen,54999,76990,4.5,16  , 2 ,AMD Ryzen 5 Dual Core Processor (5th Gen),8 GB DDR4 RAM,512 GB SSD
HP Omen Intel Core i5 7th Gen 7300HQ,68071,102551,0,0,0,"Pre-installed Genuine Windows 10 Operating System (Includes Built-in Security, Free Automated Updates, Latest Features)",Intel Core i5 Processor (7th Gen),64 bit Windows 10 Operating System
Acer Predator Helios 16 2024 Intel Core i9 14th Gen 14900HX,249999,256999,0,0,0,Intel Core i9 Processor (14th Gen),32 GB DDR5 RAM,1 TB SSD
Lenovo IdeaPad Gaming 3 (2024) AMD Ryzen 7 Octa Core 5800H,83990,135990,4.5,14  , 2 ,AMD Ryzen 7 Octa Core Processor,16 GB DDR4 RAM,512 GB SSD
ASUS TUF Gaming A17 (2022) with 90Whr Battery AMD Ryzen 7 Octa Core 6800HS,112999,153990,4,23  , 2 ,AMD Ryzen 7 Octa Core Processor,16 GB DDR5 RAM,1 TB SSD
ASUS Chromebook Intel Celeron Dual Core N4500,15990,32990,3.8,1305  , 125 ,Intel Celeron Dual Core Processor,4 GB LPDDR4X RAM,35.56 cm (14 Inch) Display
HP Chromebook (2024) MediaTek MT8183,13990,34554,3.8,4127  , 431 ,MediaTek MT8183 Processor,4 GB LPDDR4X RAM,29.46 cm (11.6 Inch) Display
MSI Stealth 14 AI Studio Intel Core Ultra 7 155H,189990,212990,0,0,0,Intel Core Ultra 7 Processor,16 GB DDR5 RAM,1 TB SSD
Lenovo IdeaPad Gaming 3 Intel Core i5 11th Gen 11300H,62990,93690,4.3,448  , 46 ,Intel Core i5 Processor (11th Gen),8 GB DDR4 RAM,512 GB SSD
Acer Intel Celeron Dual Core N4500,17990,40000,3.6,82  , 9 ,Intel Celeron Dual Core Processor,8 GB LPDDR4X RAM,35.56 cm (14 inch) Display
ASUS Chromebook Intel Celeron Dual Core N4500,19990,32990,3.8,741  , 78 ,Intel Celeron Dual Core Processor,8 GB LPDDR4X RAM,39.62 cm (15.6 Inch) Display
HP AMD Ryzen 5 Quad Core,58400,86999,2.8,5  , 0 ,AMD Ryzen 5 Quad Core Processor,8 GB DDR4 RAM,512 GB SSD
HP Intel Core i7 12th Gen,101900,121900,0,0,0,Intel Core i7 Processor (12th Gen),16 GB LPDDR4X RAM,512 GB SSD
HP Omen Intel Core i5 7th Gen 7300HQ,68071,102551,0,0,0,"Pre-installed Genuine Windows 10 Operating System (Includes Built-in Security, Free Automated Updates, Latest Features)",Intel Core i5 Processor (7th Gen),64 bit Windows 10 Operating System
ASUS AMD Ryzen 5 Hexa Core 10th Gen,53550,74999,4.7,6  , 0 ,AMD Ryzen 5 Hexa Core Processor (10th Gen),16 GB DDR4 RAM,512 GB SSD
Acer Intel Celeron Dual Core N4500,33999,0,3.8,172  , 12 ,Intel Celeron Dual Core Processor,8 GB LPDDR4X RAM,35.56 cm (14 inch) Display
ASUS Chromebook Intel Celeron Dual Core N4500,15990,32990,3.8,741  , 78 ,Intel Celeron Dual Core Processor,4 GB LPDDR4X RAM,39.62 cm (15.6 Inch) Display
MSI Vector 17 HX Intel Core i9 14th Gen 14900HX,236990,269990,0,0,0,Intel Core i9 Processor (14th Gen),32 GB DDR5 RAM,2 TB SSD
Acer Aspire 7 (2023) Intel Core i5 12th Gen 12450H,63999,86999,4.2,104  , 11 ,Intel Core i5 Processor (12th Gen),8 GB DDR4 RAM,512 GB SSD
HP 360 Intel Celeron Quad Core N4120,18990,31156,4,1124  , 95 ,Intel Celeron Quad Core Processor,4 GB LPDDR4 RAM,35.56 cm (14 Inch) Touchscreen Display
HP 360 Intel Celeron Dual Core N4120,18990,32295,3.9,1165  , 106 ,Intel Celeron Dual Core Processor,4 GB LPDDR4 RAM,35.56 cm (14 Inch) Touchscreen Display
ASUS AMD Ryzen 7 Octa Core 10th Gen 5800H,68549,86990,0,0,0,AMD Ryzen 7 Octa Core Processor (10th Gen),16 GB DDR4 RAM,512 GB SSD
ASUS TUF GAMING F15 Intel Core i5 10th Gen i5,58900,82802,4.6,45  , 1 ,Intel Core i5 Processor (10th Gen),16 GB DDR4 RAM,512 GB SSD
ASUS AMD Ryzen 7 Octa Core,73754,99500,0,0,0,AMD Ryzen 7 Octa Core Processor,16 GB DDR4 RAM,512 GB SSD
HP AMD Ryzen 5 Hexa Core,54400,78000,5,1  , 1 ,AMD Ryzen 5 Hexa Core Processor,8 GB DDR4 RAM,512 GB SSD
Acer Intel Core i3 13th Gen 1315U,59990,64999,0,0,0,Intel Core i3 Processor (13th Gen),8 GB LPDDR5X RAM,256 GB SSD
Lenovo Ideapad Slim 3 MediaTek Kompanio 520,21990,28690,3.7,161  , 12 ,MediaTek Kompanio 520 Processor,4 GB LPDDR4X RAM,35.56 cm (14 Inch) Display
ASUS TUF Gaming A17 (2022) with 90Whr Battery AMD Ryzen 7 Octa Core 6800HS,112999,153990,4,23  , 2 ,AMD Ryzen 7 Octa Core Processor,16 GB DDR5 RAM,1 TB SSD
MSI Vector 17 HX Intel Core i9 14th Gen 14900HX,236990,269990,0,0,0,Intel Core i9 Processor (14th Gen),32 GB DDR5 RAM,2 TB SSD
HP Victus Intel Core i7 12th Gen 12650H,77900,101278,4.3,182  , 17 ,Intel Core i7 Processor (12th Gen),8 GB DDR4 RAM,512 GB SSD
HP AMD Ryzen 5 Quad Core,58400,86999,2.8,5  , 0 ,AMD Ryzen 5 Quad Core Processor,8 GB DDR4 RAM,512 GB SSD
Lenovo Legion 5 AMD Ryzen 5 Hexa Core 4600H,58500,91340,4,10  , 0 ,AMD Ryzen 5 Hexa Core Processor,8 GB DDR4 RAM,1 TB HDD|256 GB SSD
Lenovo Legion 5 Pro Intel Core i7 12th Gen 12700H,144990,279890,3.3,6  , 0 ,Intel Core i7 Processor (12th Gen),32 GB DDR5 RAM,1 TB SSD
ASUS AMD Ryzen 7 Octa Core,73754,99500,0,0,0,AMD Ryzen 7 Octa Core Processor,16 GB DDR4 RAM,512 GB SSD
HP Victus Gaming AMD Ryzen 5 Hexa Core 5600H,68500,72500,4.1,649  , 53 ,AMD Ryzen 5 Hexa Core Processor,16 GB DDR4 RAM,512 GB SSD
ASUS AMD Ryzen 7 Octa Core 10th Gen 5800H,68549,86990,0,0,0,AMD Ryzen 7 Octa Core Processor (10th Gen),16 GB DDR4 RAM,512 GB SSD
ASUS TUF GAMING F15 Intel Core i5 10th Gen i5,58900,82802,4.6,45  , 1 ,Intel Core i5 Processor (10th Gen),16 GB DDR4 RAM,512 GB SSD
ASUS TUF Gaming F15 Intel Core i5 10th Gen 10300H,54000,89990,4.4,4393  , 428 ,Intel Core i5 Processor (10th Gen),8 GB DDR4 RAM,512 GB SSD
HP Pavilion AMD Ryzen 5 Hexa Core AMD R5,59990,73544,4.3,146  , 19 ,AMD Ryzen 5 Hexa Core Processor,8 GB DDR4 RAM,512 GB SSD
HP Victus AMD Ryzen 7 Octa Core 5800H,69999,95554,4.4,439  , 34 ,AMD Ryzen 7 Octa Core Processor,16 GB DDR4 RAM,512 GB SSD
HP Victus AMD Ryzen 5 Hexa Core 5600H,53666,71343,3.8,26  , 3 ,AMD Ryzen 5 Hexa Core Processor,8 GB DDR4 RAM,512 GB SSD
HP Victus Intel Core i7 12th Gen,77999,99999,0,0,0,Intel Core i7 Processor (12th Gen),8 GB DDR4 RAM,512 GB SSD
HP OMEN Intel Core i7 11th Gen 11800H,117900,135000,4.1,10  , 2 ,Intel Core i7 Processor (11th Gen),16 GB DDR4 RAM,1 TB SSD
Acer Predator Intel Core i9 13th Gen 13900HX,179880,185900,4.7,45  , 11 ,Intel Core i9 Processor (13th Gen),16 GB DDR5 RAM,1 TB SSD
ASUS TUF Gaming F17 Intel Core i5 11th Gen 11400H,99550,115990,4.5,196  , 28 ,Intel Core i5 Processor (11th Gen),8 GB DDR4 RAM,512 GB SSD
DELL G15 Intel Core i5 10th Gen 10200H,75100,82990,4.2,40  , 6 ,NVIDIA GeForce GTX 1650,"15.6 inches Full HD, 2-sided narrow bezel, 120Hz, 250 Nits",Game shift key for Turbo boost of power
ASUS ROG Zephyrus G14 (2023) with 76WHr Battery AI Powered AMD Ryzen 9 Octa Core 7940HS,201447,239990,2.8,6  , 0 ,AMD Ryzen 9 Octa Core Processor,32 GB DDR5 RAM,1 TB SSD
ASUS TUF Gaming F15 Intel Core i5 10th Gen 10300H,53750,77990,4.1,43  , 3 ,Intel Core i5 Processor (10th Gen),8 GB DDR4 RAM,512 GB SSD
ASUS TUF Gaming F15 Intel Core i5 11th Gen 11400H,84999,129999,4.6,257  , 36 ,Intel Core i5 Processor (11th Gen),16 GB DDR4 RAM,512 GB SSD
HP HP Pavilion AMD Ryzen 5 Hexa Core AMD R5,57750,76020,4.4,2605  , 241 ,AMD Ryzen 5 Hexa Core Processor,8 GB DDR4 RAM,512 GB SSD
Acer Aspire 7 (2023) Intel Core i5 12th Gen 12450H,61314,88999,4.1,68  , 6 ,Intel Core i5 Processor (12th Gen),8 GB DDR4 RAM,512 GB SSD
Lenovo Legion 5 AMD AMD Ryzen 7 Octa Core 5800H,115990,130000,4.4,66  , 7 ,AMD Ryzen 7 Octa Core Processor,16 GB DDR4 RAM,512 GB SSD
ASUS ROG Strix G15 (2022) AMD Ryzen 7 Octa Core 6800HS,89990,139990,4,25  , 6 ,AMD Ryzen 7 Octa Core Processor,16 GB DDR5 RAM,512 GB SSD
Lenovo LOQ Intel Core i5 12th Gen 12450H,60990,105000,4.1,242  , 30 ,Intel Core i5 Processor (12th Gen),16 GB DDR5 RAM,512 GB SSD
ASUS TUF Gaming F15 Intel Core i5 10th Gen 10300H,52121,77990,4.3,586  , 55 ,Intel Core i5 Processor (10th Gen),8 GB DDR4 RAM,512 GB SSD
ASUS Intel Core i5 13th Gen,112899,199000,0,0,0,Intel Core i5 Processor (13th Gen),16 GB DDR5 RAM,1 TB SSD
DELL G15 AMD Ryzen 5 Hexa Core 5600H,88700,103000,4.6,54  , 9 ,NVIDIA GEFORCE RTX 3050,"15.6 inches Full HD, 2-sided narrow bezel, 120Hz, 250 Nits",Game shift key for Turbo boost of power
ASUS TUF Gaming A15 (2023) with 90WHr Battery AMD Ryzen 7 Octa Core 7735HS,99990,121990,4,51  , 8 ,AMD Ryzen 7 Octa Core Processor,16 GB DDR5 RAM,512 GB SSD
HP Pavilion Gaming AMD Ryzen 5 Hexa Core AMD R5,66500,73859,3.9,84  , 8 ,AMD Ryzen 5 Hexa Core Processor,8 GB DDR4 RAM,512 GB SSD
HP Intel Core i7 12th Gen,90999,99800,3.9,13  , 1 ,Intel Core i7 Processor (12th Gen),16 GB DDR4 RAM,1 TB SSD
HP Victus Intel Core i5 12th Gen 12450H,53500,79999,4.1,31  , 4 ,Intel Core i5 Processor (12th Gen),8 GB DDR4 RAM,512 GB SSD
MSI Raider GE68 HX Intel Core i9 14th Gen 14900HX,272890,299990,0,0,0,Intel Core i9 Processor (14th Gen),32 GB DDR5 RAM,1 TB SSD
DELL G15 Intel Core i5 12th Gen 12500H,69700,95225,4.4,168  , 16 ,Intel Core i5 Processor (12th Gen),8 GB DDR5 RAM,512 GB SSD
HP Pavilion Gaming AMD Ryzen 5 Hexa Core 5600H,76899,88900,4,4  , 1 ,AMD Ryzen 5 Hexa Core Processor,8 GB DDR4 RAM,512 GB SSD
HP Victus AMD Ryzen 5 Hexa Core 7535HS,68300,75142,4.3,303  , 32 ,AMD Ryzen 5 Hexa Core Processor,8 GB DDR5 RAM,512 GB SSD
ASUS TUF Gaming F17,57990,85990,0,0,0,Intel Core i5 Processor (11th Gen),16 GB DDR4 RAM,512 GB SSD
MSI Pulse 17 AI Intel Core Ultra 9 185H,219990,0,0,0,0,Intel Core Ultra 9 Processor,32 GB DDR5 RAM,1 TB SSD
MSI Katana 15 Intel Core i7 12th Gen 12650H,94990,106990,4.4,5  , 0 ,Intel Core i7 Processor (12th Gen),16 GB DDR5 RAM,512 GB SSD
Lenovo IdeaPad Gaming AMD Ryzen 5 Hexa Core 7535HS,76190,99590,0,0,0,AMD Ryzen 5 Hexa Core Processor,16 GB DDR5 RAM,512 GB SSD
MSI Thin A15 AMD Ryzen 5 Hexa Core 7535HS,66990,78990,0,0,0,AMD Ryzen 5 Hexa Core Processor,16 GB DDR5 RAM,512 GB SSD
DELL G15 Intel Core i5 13450HX,72990,88480,4.7,3  , 1 ,Intel Core i5 Processor,8 GB DDR5 RAM,512 GB SSD
Lenovo IdeaPad Gaming AMD Ryzen 7 Octa Core 7735HS,82190,107590,0,0,0,AMD Ryzen 7 Octa Core Processor,16 GB DDR5 RAM,512 GB SSD
ASUS TUF Gaming F17 Intel Core i5 10th Gen 10300H,73990,79770,4.8,12  , 0 ,Intel Core i5 Processor (10th Gen),8 GB DDR4 RAM,512 GB SSD
MSI Thin 15 Intel Core i7 12th Gen 12650H,86990,0,0,0,0,Intel Core i7 Processor (12th Gen),16 GB DDR4 RAM,512 GB SSD
MSI GS Intel Core i7 8th Gen 8750H,91071,169990,4.1,10  , 3 ,512 GB SSD for Reduced Boot Up Time and in Game Loading,"Pre-installed Genuine Windows 10 Operating System (Includes Built-in Security, Free Automated Updates, Latest Features)",Per-Key RGB Gaming Keyboard Helps in Customizing Each Key
ASUS Chromebook Intel Celeron Dual Core N4500,15990,32990,3.8,1305  , 125 ,Intel Celeron Dual Core Processor,4 GB LPDDR4X RAM,35.56 cm (14 Inch) Display
HP Chromebook (2024) MediaTek MT8183,13990,34554,3.8,4127  , 431 ,MediaTek MT8183 Processor,4 GB LPDDR4X RAM,29.46 cm (11.6 Inch) Display
ASUS ROG Strix SCAR 16 (2023) with 90WHr Battery Intel HX,279990,329990,4,4  , 0 ,Intel Core i9 Processor (13th Gen),32 GB DDR5 RAM,1 TB SSD
HP OMEN Intel Core i7 13th Gen 13700HX,153490,176108,0,0,0,Intel Core i7 Processor (13th Gen),16 GB DDR5 RAM,512 GB SSD
Acer Intel Celeron Dual Core N4500,17990,40000,3.6,82  , 9 ,Intel Celeron Dual Core Processor,8 GB LPDDR4X RAM,35.56 cm (14 inch) Display
ASUS Chromebook Intel Celeron Dual Core N4500,19990,32990,3.8,741  , 78 ,Intel Celeron Dual Core Processor,8 GB LPDDR4X RAM,39.62 cm (15.6 Inch) Display
ASUS ROG Zephyrus M16 (2022) with 90Whr Battery Intel Core i7 12th Gen 12700H,174990,227990,4.4,7  , 2 ,Intel Core i7 Processor (12th Gen),16 GB DDR5 RAM,512 GB SSD
Colorful Evol P,99999,0,0,0,0,Intel Core i5 Processor (12th Gen),16 GB DDR5 RAM,512 GB SSD
ASUS TUF Gaming F15 (2024) Intel Core i7 12th Gen 12700H,126990,173990,4.3,53  , 7 ,Intel Core i7 Processor (12th Gen),16 GB DDR5 RAM,1 TB SSD
DELL Intel Core i5 11th Gen 11260H,69990,95999,4.1,326  , 34 ,Processor: i5-11260H (Base: 2.60 GHz up to 4.40 GHz) 12MB Cache,RAM & Storage: 16GB DDR4 (2 DIMM Slots) 512GB SSD,"Display: 15.6"" FHD WVA AG 250 nits 120Hz Narrow Border, Keyboard & Warranty: Backlit Keyboard Orange & 1 Year Onsite Premium Support"
Acer Intel Celeron Dual Core N4500,33999,0,3.8,172  , 12 ,Intel Celeron Dual Core Processor,8 GB LPDDR4X RAM,35.56 cm (14 inch) Display
ASUS Chromebook Intel Celeron Dual Core N4500,15990,32990,3.8,741  , 78 ,Intel Celeron Dual Core Processor,4 GB LPDDR4X RAM,39.62 cm (15.6 Inch) Display
MSI Thin 15 Intel Core i7 12th Gen 12650H,86990,0,0,0,0,Intel Core i7 Processor (12th Gen),16 GB DDR4 RAM,512 GB SSD
Lenovo IdeaPad Gaming 3 Intel Core i5 12th Gen 12450H,65547,0,0,0,0,Intel Core i5 Processor (12th Gen),16 GB DDR4 RAM,512 GB SSD
HP 360 Intel Celeron Quad Core N4120,18990,31156,4,1124  , 95 ,Intel Celeron Quad Core Processor,4 GB LPDDR4 RAM,35.56 cm (14 Inch) Touchscreen Display
HP 360 Intel Celeron Dual Core N4120,18990,32295,3.9,1165  , 106 ,Intel Celeron Dual Core Processor,4 GB LPDDR4 RAM,35.56 cm (14 Inch) Touchscreen Display
HP OMEN AMD Ryzen 7 Octa Core 7840HS,133318,0,0,0,0,AMD Ryzen 7 Octa Core Processor,16 GB DDR5 RAM,1 TB SSD
ASUS AMD Ryzen 5,66990,90990,0,0,0,AMD Ryzen 5 Processor,16 GB DDR4 RAM,512 GB SSD
MSI Creator Z16 Intel Core i9 11th Gen 11900H,175990,257990,4.1,20  , 4 ,Intel Core i9 Processor (11th Gen),16 GB DDR4 RAM,1 TB SSD
DELL G15 5520 Intel Core i7 12th Gen 12700H,99990,170051,4.2,26  , 10 ,Intel Core i7 Processor (12th Gen),16 GB DDR5 RAM,512 GB SSD
Acer Intel Core i3 13th Gen 1315U,59990,64999,0,0,0,Intel Core i3 Processor (13th Gen),8 GB LPDDR5X RAM,256 GB SSD
Lenovo Ideapad Slim 3 MediaTek Kompanio 520,21990,28690,3.7,161  , 12 ,MediaTek Kompanio 520 Processor,4 GB LPDDR4X RAM,35.56 cm (14 Inch) Display
MSI Stealth 16 Studio Intel Core i7 13th Gen 13700H,234990,335990,0,0,0,Intel Core i7 Processor (13th Gen),32 GB DDR5 RAM,1 TB SSD
Lenovo Lenovo Legion Pro 7 2024 Intel Core i9 14th Gen 14900HX,322490,419890,0,0,0,Intel Core i9 Processor (14th Gen),32 GB DDR5 RAM,1 TB SSD
MSI Stealth 16 Studio Intel Core i7 13th Gen 13700H,234990,335990,0,0,0,Intel Core i7 Processor (13th Gen),32 GB DDR5 RAM,1 TB SSD
ASUS Vivobook Pro 15 For Creator AMD Ryzen 5 Hexa Core 5600HS,73800,74990,4.5,360  , 27 ,AMD Ryzen 5 Hexa Core Processor,16 GB DDR4 RAM,512 GB SSD
ASUS ROG Strix Scar 15 (2024) AMD Ryzen 9 Octa Core 5900HX,180990,259990,4.8,13  , 2 ,AMD Ryzen 9 Octa Core Processor,16 GB DDR4 RAM,1 TB SSD
MSI GP Intel Core i7 7th Gen 7700HQ,69911,112990,4.8,13  , 4 ,"Pre-installed Genuine Windows 10 Operating System (Includes Built-in Security, Free Automated Updates, Latest Features)",Intel Core i7 Processor (7th Gen),64 bit Windows 10 Operating System
DELL G15 5520 Intel Core i7 12th Gen 12700H,99990,170051,4.2,26  , 10 ,Intel Core i7 Processor (12th Gen),16 GB DDR5 RAM,512 GB SSD
ASUS ROG Zephyrus M16 (2022) with 90Whr Battery Intel Core i7 12th Gen 12700H,174990,227990,4.4,7  , 2 ,Intel Core i7 Processor (12th Gen),16 GB DDR5 RAM,512 GB SSD
ASUS ROG Strix G16 (2024) with 90WHr Battery Intel HX,194990,251990,4,6  , 2 ,Intel Core i9 Processor (13th Gen),16 GB DDR5 RAM,1 TB SSD
HP Victus AMD Ryzen 5 Hexa Core 6600H,85310,96579,4.3,7  , 0 ,AMD Ryzen 5 Hexa Core Processor,8 GB DDR5 RAM,512 GB SSD
DELL AMD Ryzen 7 Octa Core AMD R7,79990,131143,4.1,14  , 3 ,Processor: AMD R7-6800H (3.20 GHz Up to 4.70 Ghz 8 cores 16MB L3 Cache),"RAM & Storage: 16GB, 2x8GB, DDR5, 4800Mhz & 512GB SSD",Software & Keyboard: Win 11 + Office H&S 2021 & Backlit Keyboard Orange
HP OMEN Intel Core i7 13th Gen 13700HX,153490,176108,0,0,0,Intel Core i7 Processor (13th Gen),16 GB DDR5 RAM,512 GB SSD
DELL Alienware Intel Core i7 12th Gen 12700H,151791,263986,0,0,0,Intel Core i7 Processor (12th Gen),32 GB DDR5 RAM,1 TB SSD
Acer Predator Helios 300 (2024) Intel Core i7 11th Gen 11800H,94990,149990,4.3,62  , 9 ,Intel Core i7 Processor (11th Gen),16 GB DDR4 RAM,1 TB SSD
HP Intel Core i7 13th Gen 13700HX,150490,174227,0,0,0,Intel Core i7 Processor (13th Gen),16 GB DDR5 RAM,512 GB SSD
Colorful Evol P,119999,139999,0,0,0,Intel Core i7 Processor (13th Gen),16 GB DDR5 RAM,512 GB SSD
ASUS ROG Strix G15 (2024) AMD Ryzen 9 Octa Core AMD R9,112990,162990,4.5,53  , 6 ,AMD Ryzen 9 Octa Core Processor,16 GB DDR4 RAM,1 TB SSD
Lenovo Lenovo Legion Pro 7 2024 Intel Core i9 14th Gen 14900HX,322490,419890,0,0,0,Intel Core i9 Processor (14th Gen),32 GB DDR5 RAM,1 TB SSD
DELL AMD Ryzen 5 Hexa Core AMD R5,89500,109707,4,180  , 24 ,Processor: AMDR5-6600H (3.30 GHz Up to 4.50 Ghz 6 cores 16MB L3 Cache),"RAM & Storage: 16GB, 2x8GB, DDR5, 4800Mhz & 512GB SSD",Software & Keyboard: Win 11 + Office H&S 2021 & Backlit Keyboard Orange
Acer Nitro 5 (2023) AMD Ryzen 7 Octa Core 7735HS,84500,105999,4.4,40  , 5 ,AMD Ryzen 7 Octa Core Processor,8 GB DDR5 RAM,512 GB SSD
ASUS TUF Gaming A17 AMD Ryzen 5 Hexa Core 4600H,69000,87990,4.6,317  , 53 ,AMD Ryzen 5 Hexa Core Processor,16 GB DDR4 RAM,512 GB SSD
Colorful Evol P,84990,119999,0,0,0,Intel Core i7 Processor (12th Gen),16 GB DDR5 RAM,512 GB SSD
ASUS TUF Gaming F17 Intel Core i5 10th Gen 10300H,71500,79800,0,0,0,Intel Core i5 Processor (10th Gen),8 GB DDR4 RAM,512 GB SSD
ASUS TUF Gaming F15 (2022) Intel Core i7 12th Gen 12700H,104000,137990,4.4,212  , 17 ,Intel Core i7 Processor (12th Gen),16 GB DDR5 RAM,512 GB SSD
ASUS ROG Strix G15 (2022) with 90Whr Battery AMD Ryzen 7 Octa Core AMD R7,107991,184990,4.6,63  , 6 ,AMD Ryzen 7 Octa Core Processor,16 GB DDR5 RAM,1 TB SSD
ASUS TUF Gaming F15 (2024) Intel Core i9 11th Gen 11900H,113990,188990,4.2,26  , 6 ,Intel Core i9 Processor (11th Gen),16 GB DDR4 RAM,1 TB SSD
HP AMD Ryzen 5 Octa Core,63499,89000,1,3  , 1 ,AMD Ryzen 5 Octa Core Processor,16 GB DDR4 RAM,512 GB SSD
HP OMEN AMD Ryzen 7 Octa Core AMD R7,96100,122804,4.4,36  , 2 ,AMD Ryzen 7 Octa Core Processor,16 GB DDR4 RAM,512 GB SSD
ASUS Vivobook Pro 15 (2024) AMD Ryzen 7 Octa Core AMD R7,62490,82990,4.4,2095  , 227 ,AMD Ryzen 7 Octa Core Processor,16 GB DDR4 RAM,512 GB SSD
ASUS ROG Zephyrus G15 (2022) with 90Whr Battery AMD Ryzen 7 Octa Core 6800HS,123830,170990,4.7,18  , 1 ,AMD Ryzen 7 Octa Core Processor,16 GB DDR5 RAM,1 TB SSD
HP Victus Intel Core i5 11th Gen 11400H,81800,88900,4.4,408  , 55 ,Intel Core i5 Processor (11th Gen),8 GB DDR4 RAM,512 GB SSD
DELL AMD Ryzen 5 Hexa Core AMD R5,66215,101448,4,180  , 24 ,AMD Ryzen 5 Hexa Core Processor,8 GB DDR5 RAM,512 GB SSD
Lenovo IdeaPad Gaming 3 Intel Core i5 10th Gen 10300H,68000,84720,4.3,421  , 36 ,Intel Core i5 Processor (10th Gen),8 GB DDR4 RAM,1 TB HDD|256 GB SSD
HP Victus Intel Core i7 12th Gen 12650H,92560,101000,4.1,12  , 1 ,Intel Core i7 Processor (12th Gen),8 GB DDR4 RAM,512 GB SSD
HP Victus AMD Ryzen 7 Octa Core 5800H,105800,113976,3.7,9  , 0 ,AMD Ryzen 7 Octa Core Processor,16 GB DDR4 RAM,512 GB SSD
Lenovo Legion 7i Intel Core i7 10th Gen 10875H,193191,349890,2.3,4  , 0 ,Intel Core i7 Processor (10th Gen),16 GB DDR4 RAM,1 TB SSD
DELL AMD Ryzen 7 Octa Core AMD R7,90999,121900,4.2,9  , 2 ,NVIDIA RTX 3050 Graphics upto 90W TGP,"15.6 inch Full HD AG Display (250 nits Brightness, 120Hz, Narrow Border)",AMD Ryzen 7 Octa Core Processor
ASUS ROG Flow X13 Ryzen 7 Octa Core 5800HS,97899,162990,4.5,95  , 18 ,AMD Ryzen 7 Octa Core Processor,16 GB LPDDR4X RAM,1 TB SSD
DELL Intel Core i7 12th Gen 12650H,122590,161531,0,0,0,Intel Core i7 Processor (12th Gen),16 GB DDR5 RAM,512 GB SSD
Lenovo AMD Ryzen 5 Hexa Core 5500U,62990,109000,3.3,6  , 0 ,AMD Ryzen 5 Hexa Core Processor,16 GB DDR4 RAM,512 GB SSD
HP Victus AMD Ryzen 5 Hexa Core 5600H,60480,84198,4.3,29  , 5 ,AMD Ryzen 5 Hexa Core Processor,8 GB DDR4 RAM,512 GB SSD
ASUS Intel Core i5 12th Gen,86150,115000,4.5,4  , 0 ,Intel Core i5 Processor (12th Gen),16 GB DDR5 RAM,512 GB SSD
DELL AMD Ryzen 7 Octa Core 5800H,90499,123850,4.5,6  , 0 ,AMD Ryzen 7 Octa Core Processor,16 GB DDR4 RAM,512 GB SSD
ASUS AMD Ryzen 7 Quad Core,107500,135000,0,0,0,AMD Ryzen 7 Quad Core Processor,16 GB DDR4 RAM,1 TB SSD
DELL Alienware Intel Core i7 13th Gen 13650HX,149990,227990,0,0,0,Intel Core i7 Processor (13th Gen),16 GB DDR5 RAM,512 GB SSD
DELL Intel Core i5 11th Gen 11260H,65999,89990,4.1,326  , 34 ,NVIDIA RTX 3050 Graphics upto 90W TGP,"15.6 inch Full HD AG Display (250 nits Brightness, 120Hz, Narrow Border)",Intel Core i5 Processor (11th Gen)
Lenovo Legion 5 AMD Ryzen 5 Hexa Core 4600H,76500,85000,4.5,524  , 51 ,AMD Ryzen 5 Hexa Core Processor,8 GB DDR4 RAM,1 TB HDD|256 GB SSD
HP Pavilion Gaming AMD Ryzen 5 Hexa Core AMD R5,58100,68192,4.1,1659  , 167 ,AMD Ryzen 5 Hexa Core Processor,8 GB DDR4 RAM,1 TB HDD
Lenovo Legion 5 Pro AMD AMD Ryzen 7 Octa Core 6800H,159000,209000,0,0,0,AMD Ryzen 7 Octa Core Processor,16 GB DDR5 RAM,1 TB SSD
ASUS Intel Core i7 12th Gen,91133,139000,0,0,0,Intel Core i7 Processor (12th Gen),16 GB DDR4 RAM,512 GB SSD
ASUS Intel Core i7 12th Gen,99850,170000,0,0,0,Intel Core i7 Processor (12th Gen),16 GB DDR5 RAM,1 TB SSD
Lenovo Legion 5 AMD Ryzen 5 Hexa Core 4600H,58500,91340,4,10  , 0 ,AMD Ryzen 5 Hexa Core Processor,8 GB DDR4 RAM,1 TB HDD|256 GB SSD
ASUS Chromebook Intel Celeron Dual Core N4500,15990,32990,3.8,1305  , 125 ,Intel Celeron Dual Core Processor,4 GB LPDDR4X RAM,35.56 cm (14 Inch) Display
HP Chromebook (2024) MediaTek MT8183,13990,34554,3.8,4127  , 431 ,MediaTek MT8183 Processor,4 GB LPDDR4X RAM,29.46 cm (11.6 Inch) Display
Acer Aspire 7 (2023) Intel Core i5 12th Gen 12450H,61314,88999,4.1,68  , 6 ,Intel Core i5 Processor (12th Gen),8 GB DDR4 RAM,512 GB SSD
DELL G15 Intel Core i7 12th Gen 12700H,115990,126000,3.7,44  , 7 ,Intel Core i7 Processor (12th Gen),16 GB DDR5 RAM,512 GB SSD
Lenovo Legion 5 (2024) Intel Core i7 11th Gen 11800H,99990,145990,4,85  , 15 ,Intel Core i7 Processor (11th Gen),16 GB DDR4 RAM,512 GB SSD
MSI Raider GE68 HX Intel Core i9 14th Gen 14900HX,272890,299990,0,0,0,Intel Core i9 Processor (14th Gen),32 GB DDR5 RAM,1 TB SSD
Acer Intel Celeron Dual Core N4500,17990,40000,3.6,82  , 9 ,Intel Celeron Dual Core Processor,8 GB LPDDR4X RAM,35.56 cm (14 inch) Display
ASUS Chromebook Intel Celeron Dual Core N4500,19990,32990,3.8,741  , 78 ,Intel Celeron Dual Core Processor,8 GB LPDDR4X RAM,39.62 cm (15.6 Inch) Display
HP Pavilion Gaming AMD Ryzen 5 Hexa Core AMD R5,66500,73859,3.9,84  , 8 ,AMD Ryzen 5 Hexa Core Processor,8 GB DDR4 RAM,512 GB SSD
GIGABYTE G Series Intel Core i5 12th Gen 12500H,65990,143700,4.2,5  , 1 ,Intel Core i5 Processor (12th Gen),16 GB DDR5 RAM,512 GB SSD
Acer Intel Celeron Dual Core N4500,33999,0,3.8,172  , 12 ,Intel Celeron Dual Core Processor,8 GB LPDDR4X RAM,35.56 cm (14 inch) Display
ASUS Chromebook Intel Celeron Dual Core N4500,15990,32990,3.8,741  , 78 ,Intel Celeron Dual Core Processor,4 GB LPDDR4X RAM,39.62 cm (15.6 Inch) Display
HP Pavilion Gaming AMD Ryzen 5 Hexa Core 5600H,76899,88900,4,4  , 1 ,AMD Ryzen 5 Hexa Core Processor,8 GB DDR4 RAM,512 GB SSD
ASUS TUF Gaming F17,57990,85990,0,0,0,Intel Core i5 Processor (11th Gen),16 GB DDR4 RAM,512 GB SSD
MSI Pulse 16 AI Intel Core Ultra 9 185H,184990,207990,0,0,0,Intel Core Ultra 9 Processor,32 GB DDR5 RAM,1 TB SSD
MSI Thin 15 Intel Core i5 12th Gen 12450H,77990,87990,0,0,0,Intel Core i5 Processor (12th Gen),16 GB DDR4 RAM,512 GB SSD
HP 360 Intel Celeron Quad Core N4120,18990,31156,4,1124  , 95 ,Intel Celeron Quad Core Processor,4 GB LPDDR4 RAM,35.56 cm (14 Inch) Touchscreen Display
HP 360 Intel Celeron Dual Core N4120,18990,32295,3.9,1165  , 106 ,Intel Celeron Dual Core Processor,4 GB LPDDR4 RAM,35.56 cm (14 Inch) Touchscreen Display
MSI Cyborg 15 Intel Core i5 12th Gen 12450H,86990,0,0,0,0,Intel Core i5 Processor (12th Gen),8 GB DDR5 RAM,512 GB SSD
Lenovo IdeaPad Gaming AMD Ryzen 7 Octa Core 7735HS,82190,107590,0,0,0,AMD Ryzen 7 Octa Core Processor,16 GB DDR5 RAM,512 GB SSD
Acer Intel Core i3 13th Gen 1315U,59990,64999,0,0,0,Intel Core i3 Processor (13th Gen),8 GB LPDDR5X RAM,256 GB SSD
Lenovo Ideapad Slim 3 MediaTek Kompanio 520,21990,28690,3.7,161  , 12 ,MediaTek Kompanio 520 Processor,4 GB LPDDR4X RAM,35.56 cm (14 Inch) Display
